OldRel,NewRel
300.mkv,300 (2006).mkv
"300.mkv","test.mkv"
"AeonFlux.mkv","Aeon Flux (2005).mkv"
"Alien.mkv","Alien (1979).mkv"
"Anaconda.mkv","Anaconda (1997).mkv"
"Batma n&R obin.avi","Batman & Robin (1997).avi"
"BatmanVSupermanDawnOfJusticeTheatrical.mkv","Batman v Superman Dawn of Justice (2016).mkv"
"BattlefieldEarth.mkv","Battlefield Earth A Saga of the Year 3000 (2000).mkv"
"Beowulf 2007.mkv","Beowulf (2007).mkv"
"CaptainAmericaTheFirstAvenger.mkv","Captain America The First Avenger (2011).mkv"
"Casablanca.avi","Casablanca (1942).avi"
"CasinoRoyale.mkv","Casino Royale (2006).mkv"
"Cats 2019.mkv","Cats (2019).mkv"
"ClashOfTheTitans.mkv","Clash of the Titans (2010).mkv"
"Cloverfield.mp4","Cloverfield (2008).mp4"
"Cobra 1986.mkv","Cobra (1986).mkv"
"Daredevil.avi","Daredevil (2003).avi"
"DragonWarsDWar.mkv","Dragon Wars D-War (2007).mkv"
"Dune 2021.mkv","Dune (2021).mkv"
"Eragon.mkv","Eragon (2006).mkv"
"FastAndFurious.mkv","Fast & Furious (2009).mkv"
"Gravity.mkv","Gravity (2013).mkv"
"Halloween.mkv","Halloween (1978).mkv"
"Harry Potter\HarryPotte r1A ndTheSorcerersSton e2001W izardPeopleDearReader.mkv","Harry Potter and the Sorcerer's Stone (2001).mkv"
"Harry Potter\HarryPotte r2A ndTheChamberOfSecrets.mkv","Harry Potter and the Chamber of Secrets (2002).mkv"
"Harry Potter\HarryPotte r3A ndThePrisonerOfAzkaban.mkv","Harry Potter and the Prisoner of Azkaban (2004).mkv"
"Harry Potter\HarryPotte r4A ndTheGobletOfFire.mkv","Harry Potter and the Goblet of Fire (2005).mkv"
"Harry Potter\HarryPotte r5A ndTheOrderOfThePhoenix.mkv","Harry Potter and the Order of the Phoenix (2007).mkv"
"Harry Potter\HarryPotte r6A ndTheHalfBloodPrince.mkv","Harry Potter and the Half-Blood Prince (2009).mkv"
"Harry Potter\HarryPotte r7A ndTheDeathlyHallowsPar t1.mkv","Harry Potter and the Deathly Hallows Part 1 (2010).mkv"
"Harry Potter\HarryPotte r8A ndTheDeathlyHallowsPar t2.mkv","Harry Potter and the Deathly Hallows Part 2 (2011).mkv"
"Highlander.mp4","Highlander (1986).mp4"
"IAmLegend.mkv","I Am Legend (2007).mkv"
"IndependenceDay.mkv","Independence Day (1996).mkv"
"Indianna Jones\CrystalSkull.avi","Indiana Jones and the Kingdom of the Crystal Skull (2008).avi"
"Indianna Jones\IndianaJonesAndTheTempleOfDoom 1984 1080p BluRay x264 YIFY.mp4","Indiana Jones and the Temple of Doom (1984).mp4"
"Indianna Jones\RaidersoftheLostArk.mkv","Raiders of the Lost Ark (1981).mkv"
"Jaws 1975.mkv","Jaws (1975).mkv"
"Jurassic Park\JurassicPar k199.mkv","Jurassic Park (1993).mkv"
"Jurassic Park\JurassicParkIII.avi","Jurassic Park III (2001).avi"
"Jurassic Park\JurassicWorld 2015.mkv","Jurassic World (2015).mkv"
"Jurassic Park\JurassicWorldFallenKingdom 2018.mkv","Jurassic World Fallen Kingdom (2018).mkv"
"Krull 1983.mkv","Krull (1983).mkv"
"Lord of the Rings\LOT R1F ellowshipOfTheRingTheatrical 2001.mkv","The Lord of the Rings The Fellowship of the Ring (2001).mkv"
"Lord of the Rings\LOT R2T woTowersTheatrical 2002.mkv","The Lord of the Rings The Two Towers (2002).mkv"
"Lord of the Rings\LOT R3R eturnOfTheKingTheatrical 2003.mkv","The Lord of the Rings The Return of the King (2003).mkv"
"LostBoys.mkv","The Lost Boys (1987).mkv"
"Matrix Trilogy\Matrix 1999.mkv","The Matrix (1999).mkv"
"Matrix Trilogy\MatrixReloaded 2003.mkv","The Matrix Reloaded (2003).mkv"
"Matrix Trilogy\MatrixRevolutions 2003.mkv","The Matrix Revolutions (2003).mkv"
"MoneyPlane 2020.mkv","Money Plane (2020).mkv"
"MortalKombat 1995.mkv","Mortal Kombat (1995).mkv"
"Mothra.mkv","Mothra (1961).mkv"
"Next 2007.mkv","Next (2007).mkv"
"OceansEleven.mkv","Ocean's Eleven (2001).mkv"
"OverTheTop.avi","Over the Top (1987).avi"
"ParanormalActivity.mkv","Paranormal Activity (2007).mkv"
"PiratesOfTheCaribbeanCurseOfTheBlackPearl.mkv","Pirates of the Caribbean The Curse of the Black Pearl (2003).mkv"
"Poltergeis t1982c irculatethetapes.mkv","Poltergeist (1982).mkv"
"Predator.avi","Predator (1987).avi"
"ReadyPlayerOne.mkv","Ready Player One (2018).mkv"
"RedDawn.mkv","Red Dawn (1984).mkv"
"ReignOfFire.mkv","Reign of Fire (2002).mkv"
"RoadHous e19891080p Rifftra x13R ifferRifftra x2M ike.mkv","Road House (1989).mkv"
"RunningMan.avi","The Running Man (1987).avi"
"Spiderman Trilogy\SpiderMa n2 2004.mkv","Spider-Man 2 (2004).mkv"
"Spiderman Trilogy\SpiderMa n3 2007.mkv","Spider-Man 3 (2007).mkv"
"Spiderman Trilogy\SpiderMan 2002.mkv","Spider-Man (2002).mkv"
"Star Trek\StarTrek 2009.mkv","Star Trek (2009).mkv"
"Star Trek\StarTrekIITheWrathOfKhan 1982.mkv","Star Trek II The Wrath of Khan (1982).mkv"
"Star Wars\Star.Wars.Original.Trilogy.ep4-6.1977-1983.1080p.Rifftrax.6ch.2ch.v2\StarWarsEpisodeIVANewHope 1977 1080p Rifftrax 6ch 2ch Plinkett.mkv","Star Wars Episode IV A New Hope (1977).mkv"
"Star Wars\Star.Wars.Original.Trilogy.ep4-6.1977-1983.1080p.Rifftrax.6ch.2ch.v2\StarWarsEpisodeVIReturnOfTheJedi 1983.mkv","Star Wars Episode VI Return of the Jedi (1983).mkv"
"Star Wars\Star.Wars.Original.Trilogy.ep4-6.1977-1983.1080p.Rifftrax.6ch.2ch.v2\StarWarsEpisodeVTheEmpireStrikesBack 1980.mkv","Star Wars Episode V The Empire Strikes Back (1980).mkv"
"Star Wars\StarWarsEpisodeIIAttackOfTheClones.mkv","Star Wars Episode II Attack of the Clones (2002).mkv"
"Star Wars\StarWarsEpisodeIIIRevengeOfTheSith.mkv","Star Wars Episode III Revenge of the Sith (2005).mkv"
"Star Wars\StarWarsEpisodeIThePhantomMenac e1999P linkett.mkv","Star Wars Episode I The Phantom Menace (1999).mkv"
"Star Wars\StarWarsEpisodeIVANewHop e19771080p Rifftra x6c h2c hPlinkett.mkv","Star Wars Episode IV A New Hope (1977).mkv"
"Star Wars\StarWarsEpisodeIVANewHop e1977P linkett.mkv","Star Wars Episode IV A New Hope (1977).mkv"
"Star Wars\StarWarsEpisodeVIReturnOfTheJedi 1983.mkv","Star Wars Episode VI Return of the Jedi (1983).mkv"
"Star Wars\StarWarsEpisodeVIReturnOfTheJedi.mkv","Star Wars Episode VI Return of the Jedi (1983).mkv"
"Star Wars\StarWarsEpisodeVTheEmpireStrikesBack 1980.mkv","Star Wars Episode V The Empire Strikes Back (1980).mkv"
"Star Wars\StarWarsEpisodeVTheEmpireStrikesBack.mkv","Star Wars Episode V The Empire Strikes Back (1980).mkv"
"Star Wars\StarWarsRogueOne.mkv","Rogue One A Star Wars Story (2016).mkv"
"Star Wars\StarWarsSolo 2018.mkv","Solo A Star Wars Story (2018).mkv"
"Star Wars\StarWarsSolo2018.mkv","Solo A Star Wars Story (2018).mkv"
"Star Wars\StarWarsTheLastJedi.mkv","Star Wars The Last Jedi (2017).mkv"
"Star Wars\TheStarWarsHolidaySpecialhighTV.mp4","The Star Wars Holiday Special (1978).mp4"
"StarshipTroopers.mkv","Starship Troopers (1997).mkv"
"StreetFighter 1994.mkv","Street Fighter (1994).mkv"
"Terminator\Terminato r3R iseOfTheMachines 2003.mkv","Terminator 3 Rise of the Machines (2003).mkv"
"TheFifthElement.mkv","The Fifth Element (1997).mkv"
"TheGrudge.mkv","The Grudge (2004).mkv"
"TheHappening 2008.mkv","The Happening (2008).mkv"
"TheIslandOfDrMoreau.mkv","The Island of Dr. Moreau (1996).mkv"
"TheWizardofO z(1939).mkv","The Wizard of Oz (1939).mkv"
"Titanic.mkv","Titanic (1997).mkv"
"TopGunMaverick 2022.mkv","Top Gun Maverick (2022).mkv"
"Total Recall\TotalRecallMindBendingEditio n19901080p BluRay x264Y IFY.mp4","Total Recall Mind-Bending Edition (1990).mp4"
"TV\Heroes s01e01.mkv","Heroes S01E01 (2006).mkv"
"TV\Star Trek\Season 04\StarTrek S04E03.mkv","E!'s Inside Star Trek Special (1993).mkv"
"TV\StrangerThings s01e01 2016.mkv","Stranger Things S01E01 (2016).mkv"
"TV\TheIncredibleHulkFinalRoun d1978c irculatethetapes.mkv","The Incredible Hulk Final Round (1978).mkv"
"TV\TheXFilesFightTheFuture 1998.mkv","The X-Files Fight the Future (1998).mkv"
"TV\TV\Season 01\TV S01E01.mkv","AMW-TV Episode 01 (2016).mkv"
"TV\TV\Season 01\TV S01E02.mkv",""
"WickerMan.avi","The Wicker Man (1973).avi"
"WillyWonkaAndTheChocolateFactory.mkv","Willy Wonka & the Chocolate Factory (1971).mkv"
"WonderWoma n1984 2020.mkv","Wonder Woman 1984 (2020).mkv"
"Star Wars\S t a r W a r s E p i s o d e I V A N e w H o p e19771080p R i f f t r a x6c h2c h P l i n k e t t.mkv","Star Wars Episode IV A New Hope (1977).mkv"
"WonderWoma n1984 2020.mkv","Wonder Woman 1984 (2020).mkv"
