"Timestamp","Action","MediaType","OldPath","NewPath","Reason"
"2026-03-19T14:01:11.4667008-06:00","skip","movie","U:\Bridget and Mary Jo\AngelsRevenge.mp4","","IMDb lookup failed: IMDb search returned no tt id for query: AngelsRevenge"
"2026-03-19T14:01:12.4905199-06:00","skip","movie","U:\Bridget and Mary Jo\BoyWhoDidntListen.mp4","","IMDb lookup failed: IMDb search returned no tt id for query: BoyWhoDidntListen"
"2026-03-19T14:01:13.3026873-06:00","skip","movie","U:\Bridget and Mary Jo\BuyingFood.mp4","","IMDb lookup failed: IMDb search returned no tt id for query: BuyingFood"
"2026-03-19T14:01:14.0886945-06:00","skip","movie","U:\Bridget and Mary Jo\CampbellsSoupMagicShelf.mp4","","IMDb lookup failed: IMDb search returned no tt id for query: CampbellsSoupMagicShelf"
"2026-03-19T14:01:14.8546825-06:00","skip","movie","U:\Bridget and Mary Jo\CindyGoesToAParty.mp4","","IMDb lookup failed: IMDb search returned no tt id for query: CindyGoesToAParty"
"2026-03-19T14:01:15.5958943-06:00","skip","movie","U:\Bridget and Mary Jo\ConsumingWomen.mp4","","IMDb lookup failed: IMDb search returned no tt id for query: ConsumingWomen"
"2026-03-19T14:01:16.7883477-06:00","skip","movie","U:\Bridget and Mary Jo\DevilGirlFromMars.mp4","","IMDb lookup failed: IMDb search returned no tt id for query: DevilGirlFromMars"
"2026-03-19T14:01:17.4983399-06:00","skip","movie","U:\Bridget and Mary Jo\DutiesOfASecretary.mp4","","IMDb lookup failed: IMDb search returned no tt id for query: DutiesOfASecretary"
"2026-03-19T14:01:18.4106293-06:00","skip","movie","U:\Bridget and Mary Jo\HaveAMJChristmasAndABridgetNewYear.mp4","","IMDb lookup failed: IMDb search returned no tt id for query: HaveAMJChristmasAndABridgetNewYear"
"2026-03-19T14:01:19.3074492-06:00","skip","movie","U:\Bridget and Mary Jo\ImproveYourPronunciation.mpg","","IMDb lookup failed: IMDb search returned no tt id for query: ImproveYourPronunciation"
"2026-03-19T14:01:20.3479777-06:00","skip","movie","U:\Bridget and Mary Jo\Katy.mp4","","IMDb lookup failed: IMDb search returned no tt id for query: Katy"
"2026-03-19T14:01:21.8193894-06:00","skip","movie","U:\Bridget and Mary Jo\LastWomanOnEarth.mp4","","IMDb lookup failed: IMDb search returned no tt id for query: LastWomanOnEarth"
"2026-03-19T14:01:22.6897500-06:00","skip","movie","U:\Bridget and Mary Jo\LifeInTheSuburbs.mp4","","IMDb lookup failed: IMDb search returned no tt id for query: LifeInTheSuburbs"
"2026-03-19T14:01:24.0680844-06:00","skip","movie","U:\Bridget and Mary Jo\OnGuardBunco.mp4","","IMDb lookup failed: IMDb search returned no tt id for query: OnGuardBunco"
"2026-03-19T14:01:25.5315383-06:00","skip","movie","U:\Bridget and Mary Jo\Phoebe.mp4","","IMDb lookup failed: IMDb search returned no tt id for query: Phoebe"
"2026-03-19T14:01:26.4252433-06:00","skip","movie","U:\Bridget and Mary Jo\Prom-ItsAPleasure.mp4","","IMDb lookup failed: IMDb search returned no tt id for query: PromItsAPleasure"
"2026-03-19T14:01:27.1455537-06:00","skip","movie","U:\Bridget and Mary Jo\ShapesWeLiveWith.mp4","","IMDb lookup failed: IMDb search returned no tt id for query: ShapesWeLiveWith"
"2026-03-19T14:01:28.3341877-06:00","skip","movie","U:\Bridget and Mary Jo\SheDemons.mp4","","IMDb lookup failed: IMDb search returned no tt id for query: SheDemons"
"2026-03-19T14:01:29.6027647-06:00","skip","movie","U:\Bridget and Mary Jo\SherlockHolmes-TerrorByNight.mp4","","IMDb lookup failed: IMDb search returned no tt id for query: SherlockHolmesTerrorByNight"
"2026-03-19T14:01:30.3880480-06:00","skip","movie","U:\Bridget and Mary Jo\SherlockHolmesDressedToKill.mp4","","IMDb lookup failed: IMDb search returned no tt id for query: SherlockHolmesDressedToKill"
"2026-03-19T14:01:31.3029897-06:00","skip","movie","U:\Bridget and Mary Jo\SherlockHolmesWomanInGreen.mp4","","IMDb lookup failed: IMDb search returned no tt id for query: SherlockHolmesWomanInGreen"
"2026-03-19T14:01:31.9904056-06:00","skip","movie","U:\Bridget and Mary Jo\SocialAcceptability.mp4","","IMDb lookup failed: IMDb search returned no tt id for query: SocialAcceptability"
"2026-03-19T14:01:32.7544562-06:00","skip","movie","U:\Bridget and Mary Jo\SqueakTheSquirrel.mp4","","IMDb lookup failed: IMDb search returned no tt id for query: SqueakTheSquirrel"
"2026-03-19T14:01:34.3208813-06:00","skip","movie","U:\Bridget and Mary Jo\TheSnob.mp4","","IMDb lookup failed: IMDb search returned no tt id for query: TheSnob"
"2026-03-19T14:01:35.6805012-06:00","skip","movie","U:\Bridget and Mary Jo\TheSpringCollection.mp4","","IMDb lookup failed: IMDb search returned no tt id for query: TheSpringCollection"
"2026-03-19T14:01:37.0124428-06:00","skip","movie","U:\Bridget and Mary Jo\VacationDays.mp4","","IMDb lookup failed: IMDb search returned no tt id for query: VacationDays"
"2026-03-19T14:01:38.1825706-06:00","skip","movie","U:\Bridget and Mary Jo\WordToTheWives.mp4","","IMDb lookup failed: IMDb search returned no tt id for query: WordToTheWives"
"2026-03-19T14:01:39.4854398-06:00","skip","movie","U:\Christmas\AChristmasDream_high.mp4","","IMDb lookup failed: IMDb search returned no tt id for query: AChristmasDream"
"2026-03-19T14:01:40.4832302-06:00","skip","movie","U:\Christmas\BeyondChristmas.mp4","","IMDb lookup failed: IMDb search returned no tt id for query: BeyondChristmas"
"2026-03-19T14:01:41.5581271-06:00","skip","movie","U:\Christmas\BridgetAndMaryJoChristmas2016.mp4","","IMDb lookup failed: IMDb search returned no tt id for query: B r i d g e t A n d M a r y J o C h r i s t m a s2016"
"2026-03-19T14:01:42.6111761-06:00","skip","movie","U:\Christmas\ChristmasDream.mpeg","","IMDb lookup failed: IMDb search returned no tt id for query: ChristmasDream"
"2026-03-19T14:01:43.5252423-06:00","skip","movie","U:\Christmas\ChristmasToyshop.mp4","","IMDb lookup failed: IMDb search returned no tt id for query: ChristmasToyshop"
"2026-03-19T14:01:44.2145353-06:00","skip","movie","U:\Christmas\ChristmasWithRiffTrax-MagicChristmasTree.mp4","","IMDb lookup failed: IMDb search returned no tt id for query: ChristmasWithRiffTraxMagicChristmasTree"
"2026-03-19T14:01:45.0939449-06:00","skip","movie","U:\Christmas\ChristmasWithRiffTrax-SantasVillageOfMadness.mpeg","","IMDb lookup failed: IMDb search returned no tt id for query: ChristmasWithRiffTraxSantasVillageOfMadness"
"2026-03-19T14:01:46.5707460-06:00","skip","movie","U:\Christmas\Nestor_Tablet.mp4","","IMDb lookup failed: IMDb search returned no tt id for query: Nestor"
"2026-03-19T14:01:47.8088950-06:00","skip","movie","U:\Christmas\NightBeforeChristmas.mpg","","IMDb lookup failed: IMDb search returned no tt id for query: NightBeforeChristmas"
"2026-03-19T14:01:48.6624650-06:00","skip","movie","U:\Christmas\Rifftrax-LiveChristmasShow.wmv","","IMDb lookup failed: IMDb search returned no tt id for query: RifftraxLiveChristmasShow"
"2026-03-19T14:01:49.6129417-06:00","skip","movie","U:\Christmas\RiffTraxLive - SantaConquersTheMartians.mp4","","IMDb lookup failed: IMDb search returned no tt id for query: RiffTraxLiveSantaConquersTheMartians"
"2026-03-19T14:01:50.8248734-06:00","skip","movie","U:\Christmas\Rudolph.mpg","","IMDb lookup failed: IMDb search returned no tt id for query: Rudolph"
"2026-03-19T14:01:52.1874883-06:00","skip","movie","U:\Christmas\Santa And The Ice Cream Bunny - Rifftrax.mpg","","IMDb lookup failed: IMDb search returned no tt id for query: SantaAndTheIceCreamBunny"
"2026-03-19T14:01:52.9431687-06:00","skip","movie","U:\Christmas\SantaPunchAndJudy.mpg","","IMDb lookup failed: IMDb search returned no tt id for query: SantaPunchAndJudy"
"2026-03-19T14:01:54.2391077-06:00","skip","movie","U:\Combined\300.mkv","","IMDb lookup failed: IMDb search returned no tt id for query: 300"
"2026-03-19T14:01:55.6234885-06:00","skip","movie","U:\Combined\Aeon Flux 2005 1080p 6ch 2ch.mkv","","IMDb lookup failed: IMDb search returned no tt id for query: A e o n F l u x 2005 1080p 6c h 2c h"
"2026-03-19T14:01:56.2291092-06:00","skip","movie","U:\Combined\Alien 1979 1080p 6ch 2ch v2.mkv","","IMDb lookup failed: IMDb search returned no tt id for query: A l i e n 1979 1080p 6c h 2c h v2"
"2026-03-19T14:01:57.4309212-06:00","skip","movie","U:\Combined\Anaconda 1080p 6ch 2ch.mkv","","IMDb lookup failed: IMDb search returned no tt id for query: A n a c o n d a 1080p 6c h 2c h"
"2026-03-19T14:01:58.5720742-06:00","skip","movie","U:\Combined\Batman & Robin.avi","","IMDb lookup failed: IMDb search returned no tt id for query: B a t m a n & R o b i n"
"2026-03-19T14:02:01.0104671-06:00","skip","movie","U:\Combined\Batman V Superman Dawn Of Justice Theatrical 2016 1080p 6ch 2ch.mkv","","IMDb lookup failed: IMDb search returned no tt id for query: B a t m a n V S u p e r m a n D a w n O f J u s t i c e T h e a t r i c a l 2016 1080p 6c h 2c h"
"2026-03-19T14:02:02.8679687-06:00","skip","movie","U:\Combined\Battlefield Earth 2000 1080p 6ch 2ch.mkv","","IMDb lookup failed: IMDb search returned no tt id for query: B a t t l e f i e l d E a r t h 2000 1080p 6c h 2c h"
"2026-03-19T14:02:03.7458520-06:00","skip","movie","U:\Combined\Beowulf.2007.1080p.Rifftrax.6ch.2ch.mkv","","IMDb lookup failed: IMDb search returned no tt id for query: B e o w u l f 2007 1080p R i f f t r a x 6c h 2c h"
"2026-03-19T14:02:05.7154732-06:00","skip","movie","U:\Combined\Captain America The First Avenger 2011 1080p 6ch 2ch.mkv","","IMDb lookup failed: IMDb search returned no tt id for query: C a p t a i n A m e r i c a T h e F i r s t A v e n g e r 2011 1080p 6c h 2c h"
"2026-03-19T14:02:07.3485757-06:00","skip","movie","U:\Combined\Casablanca.avi","","IMDb lookup failed: IMDb search returned no tt id for query: Casablanca"
"2026-03-19T14:02:08.0328229-06:00","skip","movie","U:\Combined\Casino Royale 2006 1080p 6ch 2ch v2.mkv","","IMDb lookup failed: IMDb search returned no tt id for query: C a s i n o R o y a l e 2006 1080p 6c h 2c h v2"
"2026-03-19T14:02:10.0165516-06:00","skip","movie","U:\Combined\Cats.2019.1080p.Rifftrax.6ch.x265.HEVC.mkv","","IMDb lookup failed: IMDb search returned no tt id for query: C a t s 2019 1080p R i f f t r a x 6c h x265 H E V C"
"2026-03-19T14:02:11.7369448-06:00","skip","movie","U:\Combined\Clash Of The Titans 2010 1080p 6ch 2ch.mkv","","IMDb lookup failed: IMDb search returned no tt id for query: C l a s h O f T h e T i t a n s 2010 1080p 6c h 2c h"
"2026-03-19T14:02:12.9136397-06:00","skip","movie","U:\Combined\Cloverfield.mp4","","IMDb lookup failed: IMDb search returned no tt id for query: Cloverfield"
"2026-03-19T14:02:14.9952728-06:00","skip","movie","U:\Combined\Cobra.1986.1080p.Rifftrax.6ch.x265.HEVC.mkv","","IMDb lookup failed: IMDb search returned no tt id for query: C o b r a 1986 1080p R i f f t r a x 6c h x265 H E V C"
"2026-03-19T14:02:16.4985685-06:00","skip","movie","U:\Combined\Daredevil.avi","","IMDb lookup failed: IMDb search returned no tt id for query: Daredevil"
"2026-03-19T14:02:17.6949240-06:00","skip","movie","U:\Combined\Dragon Wars D-War.mkv","","IMDb lookup failed: IMDb search returned no tt id for query: DragonWarsDWar"
"2026-03-19T14:02:19.4487788-06:00","skip","movie","U:\Combined\Dune.2021.1080p.Rifftrax.6ch.x265.HEVC.mkv","","IMDb lookup failed: IMDb search returned no tt id for query: D u n e 2021 1080p R i f f t r a x 6c h x265 H E V C"
"2026-03-19T14:02:21.7625046-06:00","skip","movie","U:\Combined\Eragon 2006.mkv","","IMDb lookup failed: IMDb search returned no tt id for query: E r a g o n 2006"
"2026-03-19T14:02:24.0776728-06:00","skip","movie","U:\Combined\Fast And Furious 2009.mkv","","IMDb lookup failed: IMDb search returned no tt id for query: F a s t A n d F u r i o u s 2009"
"2026-03-19T14:02:25.5923301-06:00","skip","movie","U:\Combined\Gravity 2013.mkv","","IMDb lookup failed: IMDb search returned no tt id for query: G r a v i t y 2013"
"2026-03-19T14:02:26.5902745-06:00","skip","movie","U:\Combined\Halloween 1978.mkv","","IMDb lookup failed: IMDb search returned no tt id for query: H a l l o w e e n 1978"
"2026-03-19T14:02:27.4070372-06:00","skip","movie","U:\Combined\Highlander Dual Audio.mp4","","IMDb lookup failed: IMDb search returned no tt id for query: HighlanderDualAudio"
"2026-03-19T14:02:28.8092288-06:00","skip","movie","U:\Combined\I Am Legend.mkv","","IMDb lookup failed: IMDb search returned no tt id for query: IAmLegend"
"2026-03-19T14:02:30.5998983-06:00","skip","movie","U:\Combined\Independence Day 1996.mkv","","IMDb lookup failed: IMDb search returned no tt id for query: I n d e p e n d e n c e D a y 1996"
"2026-03-19T14:02:33.6244999-06:00","skip","movie","U:\Combined\Jaws.1975.1080p.Rifftrax.6ch.2ch.mkv","","IMDb lookup failed: IMDb search returned no tt id for query: J a w s 1975 1080p R i f f t r a x 6c h 2c h"
"2026-03-19T14:02:35.4177232-06:00","skip","movie","U:\Combined\Krull.1983.1080p.Rifftrax.6ch.x265.HEVC.mkv","","IMDb lookup failed: IMDb search returned no tt id for query: K r u l l 1983 1080p R i f f t r a x 6c h x265 H E V C"
"2026-03-19T14:02:37.1818423-06:00","skip","movie","U:\Combined\Lost Boys.mkv","","IMDb lookup failed: IMDb search returned no tt id for query: LostBoys"
"2026-03-19T14:02:39.2855494-06:00","skip","movie","U:\Combined\Money.Plane.2020.1080p.Rifftrax.6ch.x265.HEVC.mkv","","IMDb lookup failed: IMDb search returned no tt id for query: M o n e y P l a n e 2020 1080p R i f f t r a x 6c h x265 H E V C"
"2026-03-19T14:02:41.0713577-06:00","skip","movie","U:\Combined\Mortal.Kombat.1995.1080p.Rifftrax.6ch.x264.AVC.mkv","","IMDb lookup failed: IMDb search returned no tt id for query: M o r t a l K o m b a t 1995 1080p R i f f t r a x 6c h x264 A V C"
"2026-03-19T14:02:44.8086113-06:00","skip","movie","U:\Combined\Mothra 1961.mkv","","IMDb lookup failed: IMDb search returned no tt id for query: M o t h r a 1961"
"2026-03-19T14:02:45.9073805-06:00","skip","movie","U:\Combined\Next.2007.1080p.Rifftrax.6ch.2ch.v2.mkv","","IMDb lookup failed: IMDb search returned no tt id for query: N e x t 2007 1080p R i f f t r a x 6c h 2c h v2"
"2026-03-19T14:02:47.8766544-06:00","skip","movie","U:\Combined\Oceans Eleven 2001.mkv","","IMDb lookup failed: IMDb search returned no tt id for query: O c e a n s E l e v e n 2001"
"2026-03-19T14:02:49.3778783-06:00","skip","movie","U:\Combined\Over The Top.avi","","IMDb lookup failed: IMDb search returned no tt id for query: OverTheTop"
"2026-03-19T14:02:51.2724616-06:00","skip","movie","U:\Combined\Paranormal Activity.mkv","","IMDb lookup failed: IMDb search returned no tt id for query: ParanormalActivity"
"2026-03-19T14:02:53.3555625-06:00","skip","movie","U:\Combined\Pirates Of The Caribbean Curse Of The Black Pearl 2003.mkv","","IMDb lookup failed: IMDb search returned no tt id for query: P i r a t e s O f T h e C a r i b b e a n C u r s e O f T h e B l a c k P e a r l 2003"
"2026-03-19T14:02:55.8207006-06:00","skip","movie","U:\Combined\Poltergeist 1982 circulatethetapes.mkv","","IMDb lookup failed: IMDb search returned no tt id for query: P o l t e r g e i s t 1982 c i r c u l a t e t h e t a p e s"
"2026-03-19T14:02:57.3269993-06:00","skip","movie","U:\Combined\Predator.avi","","IMDb lookup failed: IMDb search returned no tt id for query: Predator"
"2026-03-19T14:02:58.5051004-06:00","skip","movie","U:\Combined\Ready Player One.mkv","","IMDb lookup failed: IMDb search returned no tt id for query: ReadyPlayerOne"
"2026-03-19T14:03:00.1574145-06:00","skip","movie","U:\Combined\Red Dawn 1984.mkv","","IMDb lookup failed: IMDb search returned no tt id for query: R e d D a w n 1984"
"2026-03-19T14:03:01.6842888-06:00","skip","movie","U:\Combined\Reign Of Fire 2002.mkv","","IMDb lookup failed: IMDb search returned no tt id for query: R e i g n O f F i r e 2002"
"2026-03-19T14:03:02.6953544-06:00","skip","movie","U:\Combined\Road.House.1989.1080p.Rifftrax1-3Riffer.Rifftrax2-Mike.6ch.2ch.mkv","","IMDb lookup failed: IMDb search returned no tt id for query: R o a d H o u s e 1989 1080p R i f f t r a x1 3R i f f e r R i f f t r a x2 M i k e 6c h 2c h"
"2026-03-19T14:03:04.1475904-06:00","skip","movie","U:\Combined\Running Man.avi","","IMDb lookup failed: IMDb search returned no tt id for query: RunningMan"
"2026-03-19T14:03:05.4809747-06:00","skip","movie","U:\Combined\Starship Troopers.mkv","","IMDb lookup failed: IMDb search returned no tt id for query: StarshipTroopers"
"2026-03-19T14:03:07.5571366-06:00","skip","movie","U:\Combined\Street.Fighter.1994.1080p.Rifftrax.6ch.x265.HEVC.mkv","","IMDb lookup failed: IMDb search returned no tt id for query: S t r e e t F i g h t e r 1994 1080p R i f f t r a x 6c h x265 H E V C"
"2026-03-19T14:03:08.8563642-06:00","skip","movie","U:\Combined\The Fifth Element.mkv","","IMDb lookup failed: IMDb search returned no tt id for query: TheFifthElement"
"2026-03-19T14:03:10.4300390-06:00","skip","movie","U:\Combined\The Grudge.mkv","","IMDb lookup failed: IMDb search returned no tt id for query: TheGrudge"
"2026-03-19T14:03:12.7777109-06:00","skip","movie","U:\Combined\The Incredible Hulk Final Round 1978 circulatethetapes.mkv","","IMDb lookup failed: IMDb search returned no tt id for query: T h e I n c r e d i b l e H u l k F i n a l R o u n d 1978 c i r c u l a t e t h e t a p e s"
"2026-03-19T14:03:14.2429603-06:00","skip","movie","U:\Combined\The Island Of Dr Moreau 1996.mkv","","IMDb lookup failed: IMDb search returned no tt id for query: T h e I s l a n d O f D r M o r e a u 1996"
"2026-03-19T14:03:15.8426428-06:00","skip","movie","U:\Combined\The Wizard of Oz (1939).mkv","","IMDb lookup failed: IMDb search returned no tt id for query: T h e W i z a r d o f O z (1939)"
"2026-03-19T14:03:16.6889952-06:00","skip","movie","U:\Combined\The.Happening.2008.1080p.Rifftrax.6ch.x264.AVC.mkv","","IMDb lookup failed: IMDb search returned no tt id for query: T h e H a p p e n i n g 2008 1080p R i f f t r a x 6c h x264 A V C"
"2026-03-19T14:03:17.8608055-06:00","skip","movie","U:\Combined\The.X-Files.Fight.The.Future.1998.1080p.Rifftrax.6ch.2ch.v2.mkv","","IMDb lookup failed: IMDb search returned no tt id for query: T h e X F i l e s F i g h t T h e F u t u r e 1998 1080p R i f f t r a x 6c h 2c h v2"
"2026-03-19T14:03:18.7506821-06:00","skip","movie","U:\Combined\Titanic.mkv","","IMDb lookup failed: IMDb search returned no tt id for query: Titanic"
"2026-03-19T14:03:20.7039624-06:00","skip","movie","U:\Combined\Top.Gun.Maverick.2022.1080p.Rifftrax.6ch.x264.AVC.mkv","","IMDb lookup failed: IMDb search returned no tt id for query: T o p G u n M a v e r i c k 2022 1080p R i f f t r a x 6c h x264 A V C"
"2026-03-19T14:03:21.6844983-06:00","skip","movie","U:\Combined\Wicker Man.avi","","IMDb lookup failed: IMDb search returned no tt id for query: WickerMan"
"2026-03-19T14:03:23.0637718-06:00","skip","movie","U:\Combined\Willy Wonka And The Chocolate Factory 1971.mkv","","IMDb lookup failed: IMDb search returned no tt id for query: W i l l y W o n k a A n d T h e C h o c o l a t e F a c t o r y 1971"
"2026-03-19T14:03:23.9711422-06:00","skip","movie","U:\Combined\Wonder.Woman.1984.2020.1080p.Rifftrax.6ch.x264.AVC.mkv","","IMDb lookup failed: IMDb search returned no tt id for query: W o n d e r W o m a n 1984 2020 1080p R i f f t r a x 6c h x264 A V C"
"2026-03-19T14:03:24.7739596-06:00","skip","movie","U:\Combined\Harry Potter\Harry Potter 1 And The Sorcerers Stone 2001 WizardPeopleDearReader.mkv","","IMDb lookup failed: IMDb search returned no tt id for query: H a r r y P o t t e r 1 A n d T h e S o r c e r e r s S t o n e 2001 W i z a r d P e o p l e D e a r R e a d e r"
"2026-03-19T14:03:25.6913652-06:00","skip","movie","U:\Combined\Harry Potter\Harry Potter 2 And The Chamber Of Secrets 2002.mkv","","IMDb lookup failed: IMDb search returned no tt id for query: H a r r y P o t t e r 2 A n d T h e C h a m b e r O f S e c r e t s 2002"
"2026-03-19T14:03:27.2512639-06:00","skip","movie","U:\Combined\Harry Potter\Harry Potter 3 And The Prisoner Of Azkaban 2004.mkv","","IMDb lookup failed: IMDb search returned no tt id for query: H a r r y P o t t e r 3 A n d T h e P r i s o n e r O f A z k a b a n 2004"
"2026-03-19T14:03:29.0242290-06:00","skip","movie","U:\Combined\Harry Potter\Harry Potter 4 And The Goblet Of Fire 2005.mkv","","IMDb lookup failed: IMDb search returned no tt id for query: H a r r y P o t t e r 4 A n d T h e G o b l e t O f F i r e 2005"
"2026-03-19T14:03:30.5301801-06:00","skip","movie","U:\Combined\Harry Potter\Harry Potter 5 And The Order Of The Phoenix 2007.mkv","","IMDb lookup failed: IMDb search returned no tt id for query: H a r r y P o t t e r 5 A n d T h e O r d e r O f T h e P h o e n i x 2007"
"2026-03-19T14:03:32.4656425-06:00","skip","movie","U:\Combined\Harry Potter\Harry Potter 6 And The Half-Blood Prince 2009.mkv","","IMDb lookup failed: IMDb search returned no tt id for query: H a r r y P o t t e r 6 A n d T h e H a l f B l o o d P r i n c e 2009"
"2026-03-19T14:03:33.5363461-06:00","skip","movie","U:\Combined\Harry Potter\Harry Potter 7 And The Deathly Hallows Part 1 2010.mkv","","IMDb lookup failed: IMDb search returned no tt id for query: H a r r y P o t t e r 7 A n d T h e D e a t h l y H a l l o w s P a r t 1 2010"
"2026-03-19T14:03:35.4170234-06:00","skip","movie","U:\Combined\Harry Potter\Harry Potter 8 And The Deathly Hallows Part 2 2011.mkv","","IMDb lookup failed: IMDb search returned no tt id for query: H a r r y P o t t e r 8 A n d T h e D e a t h l y H a l l o w s P a r t 2 2011"
"2026-03-19T14:03:36.6614610-06:00","skip","movie","U:\Combined\Indianna Jones\Crystal Skull Rifftrax.avi","","IMDb lookup failed: IMDb search returned no tt id for query: CrystalSkull"
"2026-03-19T14:03:38.2686214-06:00","skip","movie","U:\Combined\Indianna Jones\Indiana.Jones.And.The.Temple.Of.Doom.1984.1080p.BluRay.x264.YIFY.mp4","","IMDb lookup failed: IMDb search returned no tt id for query: I n d i a n a J o n e s A n d T h e T e m p l e O f D o o m 1984 1080p B l u R a y x264 Y I F Y"
"2026-03-19T14:03:39.8275209-06:00","skip","movie","U:\Combined\Indianna Jones\Raiders of the Lost Ark-Rifftrax.mkv","","IMDb lookup failed: IMDb search returned no tt id for query: RaidersoftheLostArk"
"2026-03-19T14:03:41.2509773-06:00","skip","movie","U:\Combined\Jurassic Park\Jurassic Park III.avi","","IMDb lookup failed: IMDb search returned no tt id for query: JurassicParkIII"
"2026-03-19T14:03:42.7948844-06:00","skip","movie","U:\Combined\Jurassic Park\Jurassic.Park.1993.720p.Rifftrax.6ch.2ch.mkv","","IMDb lookup failed: IMDb search returned no tt id for query: J u r a s s i c P a r k 1993 720p R i f f t r a x 6c h 2c h"
"2026-03-19T14:03:44.4022915-06:00","skip","movie","U:\Combined\Jurassic Park\Jurassic.World.2015.1080p.Rifftrax.6ch.2ch.mkv","","IMDb lookup failed: IMDb search returned no tt id for query: J u r a s s i c W o r l d 2015 1080p R i f f t r a x 6c h 2c h"
"2026-03-19T14:03:46.3401131-06:00","skip","movie","U:\Combined\Jurassic Park\Jurassic.World.Fallen.Kingdom.2018.1080p.Rifftrax.6ch.x264.AVC.mkv","","IMDb lookup failed: IMDb search returned no tt id for query: J u r a s s i c W o r l d F a l l e n K i n g d o m 2018 1080p R i f f t r a x 6c h x264 A V C"
"2026-03-19T14:03:47.6706830-06:00","skip","movie","U:\Combined\Lord of the Rings\LOTR1 Fellowship Of The Ring Theatrical 2001.mkv","","IMDb lookup failed: IMDb search returned no tt id for query: L O T R1 F e l l o w s h i p O f T h e R i n g T h e a t r i c a l 2001"
"2026-03-19T14:03:49.1341931-06:00","skip","movie","U:\Combined\Lord of the Rings\LOTR1.Fellowship.Of.The.Ring.Theatrical.2001.1080p.Rifftrax.6ch.2ch.v2.mkv","","IMDb lookup failed: IMDb search returned no tt id for query: L O T R1 F e l l o w s h i p O f T h e R i n g T h e a t r i c a l 2001 1080p R i f f t r a x 6c h 2c h v2"
"2026-03-19T14:03:50.8604272-06:00","skip","movie","U:\Combined\Lord of the Rings\LOTR2 Two Towers Theatrical 2002.mkv","","IMDb lookup failed: IMDb search returned no tt id for query: L O T R2 T w o T o w e r s T h e a t r i c a l 2002"
"2026-03-19T14:03:52.1338217-06:00","skip","movie","U:\Combined\Lord of the Rings\LOTR2.Two.Towers.Theatrical.2002.1080p.Rifftrax.6ch.2ch.v2.mkv","","IMDb lookup failed: IMDb search returned no tt id for query: L O T R2 T w o T o w e r s T h e a t r i c a l 2002 1080p R i f f t r a x 6c h 2c h v2"
"2026-03-19T14:03:53.8672991-06:00","skip","movie","U:\Combined\Lord of the Rings\LOTR3 Return Of The King Theatrical 2003.mkv","","IMDb lookup failed: IMDb search returned no tt id for query: L O T R3 R e t u r n O f T h e K i n g T h e a t r i c a l 2003"
"2026-03-19T14:03:55.4092881-06:00","skip","movie","U:\Combined\Lord of the Rings\LOTR3.Return.Of.The.King.Theatrical.2003.1080p.Rifftrax.6ch.2ch.v2.mkv","","IMDb lookup failed: IMDb search returned no tt id for query: L O T R3 R e t u r n O f T h e K i n g T h e a t r i c a l 2003 1080p R i f f t r a x 6c h 2c h v2"
"2026-03-19T14:03:57.2505866-06:00","skip","movie","U:\Combined\Matrix Trilogy\Matrix.1999.1080p.Rifftrax.6ch.2ch.mkv","","IMDb lookup failed: IMDb search returned no tt id for query: M a t r i x 1999 1080p R i f f t r a x 6c h 2c h"
"2026-03-19T14:03:59.6045089-06:00","skip","movie","U:\Combined\Matrix Trilogy\Matrix.Reloaded.2003.1080p.Rifftrax.6ch.2ch.mkv","","IMDb lookup failed: IMDb search returned no tt id for query: M a t r i x R e l o a d e d 2003 1080p R i f f t r a x 6c h 2c h"
"2026-03-19T14:04:00.6510932-06:00","skip","movie","U:\Combined\Matrix Trilogy\Matrix.Revolutions.2003.1080p.Rifftrax.6ch.2ch.mkv","","IMDb lookup failed: IMDb search returned no tt id for query: M a t r i x R e v o l u t i o n s 2003 1080p R i f f t r a x 6c h 2c h"
"2026-03-19T14:04:01.4376909-06:00","skip","movie","U:\Combined\Spiderman Trilogy\Spider-Man.2.2004.1080p.Rifftrax.6ch.2ch.v2.mkv","","IMDb lookup failed: IMDb search returned no tt id for query: S p i d e r M a n 2 2004 1080p R i f f t r a x 6c h 2c h v2"
"2026-03-19T14:04:02.4302266-06:00","skip","movie","U:\Combined\Spiderman Trilogy\Spider-Man.2002.1080p.Rifftrax.6ch.2ch.v2.mkv","","IMDb lookup failed: IMDb search returned no tt id for query: S p i d e r M a n 2002 1080p R i f f t r a x 6c h 2c h v2"
"2026-03-19T14:04:03.2687451-06:00","skip","movie","U:\Combined\Spiderman Trilogy\Spider-Man.3.2007.1080p.Rifftrax.6ch.2ch.mkv","","IMDb lookup failed: IMDb search returned no tt id for query: S p i d e r M a n 3 2007 1080p R i f f t r a x 6c h 2c h"
"2026-03-19T14:04:04.8124226-06:00","skip","movie","U:\Combined\Star Trek\Star.Trek.2009.1080p.Rifftrax.6ch.2ch.mkv","","IMDb lookup failed: IMDb search returned no tt id for query: S t a r T r e k 2009 1080p R i f f t r a x 6c h 2c h"
"2026-03-19T14:04:05.5183474-06:00","skip","movie","U:\Combined\Star Trek\Star.Trek.II.The.Wrath.Of.Khan.1982.1080p.Rifftrax.6ch.2ch.mkv","","IMDb lookup failed: IMDb search returned no tt id for query: S t a r T r e k I I T h e W r a t h O f K h a n 1982 1080p R i f f t r a x 6c h 2c h"
"2026-03-19T14:04:08.0182131-06:00","skip","movie","U:\Combined\Star Wars\Star Wars Episode I The Phantom Menace 1999 Plinkett.mkv","","IMDb lookup failed: IMDb search returned no tt id for query: S t a r W a r s E p i s o d e I T h e P h a n t o m M e n a c e 1999 P l i n k e t t"
"2026-03-19T14:04:10.0290655-06:00","skip","movie","U:\Combined\Star Wars\Star Wars Episode II Attack Of The Clones 2002.mkv","","IMDb lookup failed: IMDb search returned no tt id for query: S t a r W a r s E p i s o d e I I A t t a c k O f T h e C l o n e s 2002"
"2026-03-19T14:04:11.0454441-06:00","skip","movie","U:\Combined\Star Wars\Star Wars Episode III Revenge Of The Sith 2005.mkv","","IMDb lookup failed: IMDb search returned no tt id for query: S t a r W a r s E p i s o d e I I I R e v e n g e O f T h e S i t h 2005"
"2026-03-19T14:04:13.3651792-06:00","skip","movie","U:\Combined\Star Wars\Star Wars Episode IV A New Hope 1977 Plinkett.mkv","","IMDb lookup failed: IMDb search returned no tt id for query: S t a r W a r s E p i s o d e I V A N e w H o p e 1977 P l i n k e t t"
"2026-03-19T14:04:14.8174143-06:00","skip","movie","U:\Combined\Star Wars\Star Wars Episode V The Empire Strikes Back 1980.mkv","","IMDb lookup failed: IMDb search returned no tt id for query: S t a r W a r s E p i s o d e V T h e E m p i r e S t r i k e s B a c k 1980"
"2026-03-19T14:04:15.8729644-06:00","skip","movie","U:\Combined\Star Wars\Star Wars Episode VI Return Of The Jedi 1983.mkv","","IMDb lookup failed: IMDb search returned no tt id for query: S t a r W a r s E p i s o d e V I R e t u r n O f T h e J e d i 1983"
"2026-03-19T14:04:17.0450409-06:00","skip","movie","U:\Combined\Star Wars\Star Wars Rogue One 2016 x264.mkv","","IMDb lookup failed: IMDb search returned no tt id for query: S t a r W a r s R o g u e O n e 2016 x264"
"2026-03-19T14:04:19.4104900-06:00","skip","movie","U:\Combined\Star Wars\Star Wars Solo 2018 x265 HEVC.mkv","","IMDb lookup failed: IMDb search returned no tt id for query: S t a r W a r s S o l o 2018 x265 H E V C"
"2026-03-19T14:04:20.3262342-06:00","skip","movie","U:\Combined\Star Wars\Star Wars The Last Jedi 2017 x264.mkv","","IMDb lookup failed: IMDb search returned no tt id for query: S t a r W a r s T h e L a s t J e d i 2017 x264"
"2026-03-19T14:04:22.5412846-06:00","skip","movie","U:\Combined\Star Wars\Star.Wars.Episode.IV.A.New.Hope.1977.1080p.Rifftrax.6ch.2ch.Plinkett.mkv","","IMDb lookup failed: IMDb search returned no tt id for query: S t a r W a r s E p i s o d e I V A N e w H o p e 1977 1080p R i f f t r a x 6c h 2c h P l i n k e t t"
"2026-03-19T14:04:23.7920995-06:00","skip","movie","U:\Combined\Star Wars\Star.Wars.Episode.V.The.Empire.Strikes.Back.1980.1080p.Rifftrax.6ch.2ch.v2.mkv","","IMDb lookup failed: IMDb search returned no tt id for query: S t a r W a r s E p i s o d e V T h e E m p i r e S t r i k e s B a c k 1980 1080p R i f f t r a x 6c h 2c h v2"
"2026-03-19T14:04:24.9032740-06:00","skip","movie","U:\Combined\Star Wars\Star.Wars.Episode.VI.Return.Of.The.Jedi.1983.1080p.Rifftrax.6ch.2ch.v2.mkv","","IMDb lookup failed: IMDb search returned no tt id for query: S t a r W a r s E p i s o d e V I R e t u r n O f T h e J e d i 1983 1080p R i f f t r a x 6c h 2c h v2"
"2026-03-19T14:04:25.7868124-06:00","skip","movie","U:\Combined\Star Wars\Star.Wars.Solo.2018.1080p.Rifftrax.6ch.2ch.x265.HEVC.mkv","","IMDb lookup failed: IMDb search returned no tt id for query: S t a r W a r s S o l o 2018 1080p R i f f t r a x 6c h 2c h x265 H E V C"
"2026-03-19T14:04:26.8278449-06:00","skip","movie","U:\Combined\Star Wars\TheStarWarsHolidaySpecial_highTV.mp4","","IMDb lookup failed: IMDb search returned no tt id for query: TheStarWarsHolidaySpecial"
"2026-03-19T14:04:29.1015390-06:00","skip","movie","U:\Combined\Star Wars\Star.Wars.Original.Trilogy.ep4-6.1977-1983.1080p.Rifftrax.6ch.2ch.v2\Star.Wars.Episode.IV.A.New.Hope.1977.1080p.Rifftrax.6ch.2ch.Plinkett.mkv","","IMDb lookup failed: IMDb search returned no tt id for query: S t a r W a r s E p i s o d e I V A N e w H o p e 1977 1080p R i f f t r a x 6c h 2c h P l i n k e t t"
"2026-03-19T14:04:29.9249482-06:00","skip","movie","U:\Combined\Star Wars\Star.Wars.Original.Trilogy.ep4-6.1977-1983.1080p.Rifftrax.6ch.2ch.v2\Star.Wars.Episode.V.The.Empire.Strikes.Back.1980.1080p.Rifftrax.6ch.2ch.v2.mkv","","IMDb lookup failed: IMDb search returned no tt id for query: S t a r W a r s E p i s o d e V T h e E m p i r e S t r i k e s B a c k 1980 1080p R i f f t r a x 6c h 2c h v2"
"2026-03-19T14:04:31.0754777-06:00","skip","movie","U:\Combined\Star Wars\Star.Wars.Original.Trilogy.ep4-6.1977-1983.1080p.Rifftrax.6ch.2ch.v2\Star.Wars.Episode.VI.Return.Of.The.Jedi.1983.1080p.Rifftrax.6ch.2ch.v2.mkv","","IMDb lookup failed: IMDb search returned no tt id for query: S t a r W a r s E p i s o d e V I R e t u r n O f T h e J e d i 1983 1080p R i f f t r a x 6c h 2c h v2"
"2026-03-19T14:04:32.1539801-06:00","skip","movie","U:\Combined\Terminator\Terminator.3.Rise.Of.The.Machines.2003.1080p.Rifftrax.6ch.2ch.v2.mkv","","IMDb lookup failed: IMDb search returned no tt id for query: T e r m i n a t o r 3 R i s e O f T h e M a c h i n e s 2003 1080p R i f f t r a x 6c h 2c h v2"
"2026-03-19T14:04:33.6165918-06:00","skip","movie","U:\Combined\Total Recall\Total.Recall.Mind.Bending.Edition.1990.1080p.BluRay.x264.YIFY.mp4","","IMDb lookup failed: IMDb search returned no tt id for query: T o t a l R e c a l l M i n d B e n d i n g E d i t i o n 1990 1080p B l u R a y x264 Y I F Y"
"2026-03-19T14:04:34.8925320-06:00","skip","movie","U:\Hangin Out with RiffTrax\Hangin' Out With RiffTrax_ Quiplash 10-13-21.mp4","","IMDb lookup failed: IMDb search returned no tt id for query: H a n g i n' O u t W i t h R i f f T r a x Q u i p l a s h 10 13 21"
"2026-03-19T14:04:35.8035505-06:00","skip","movie","U:\Hangin Out with RiffTrax\Talkin' RiffTrax_ THE ALIEN DEAD.m4v","","IMDb lookup failed: IMDb search returned no tt id for query: T a l k i n' R i f f T r a x T H E A L I E N D E A D"
"2026-03-19T14:04:36.8062930-06:00","skip","movie","U:\Just the Jokes\Harry Potter\Harry Potter and the Goblet of Fire - Rifftrax.avi","","IMDb lookup failed: IMDb search returned no tt id for query: HarryPotterandtheGobletofFire"
"2026-03-19T14:04:37.8929523-06:00","skip","movie","U:\Just the Jokes\Harry Potter\Harry Potter and the Prisoner of Azkaban - Rifftrax.avi","","IMDb lookup failed: IMDb search returned no tt id for query: HarryPotterandthePrisonerofAzkaban"
"2026-03-19T14:04:38.8174237-06:00","skip","movie","U:\Just the Jokes\Harry Potter\Harry Potter And The Sorcerer's Stone - Rifftrax.avi","","IMDb lookup failed: IMDb search returned no tt id for query: H a r r y P o t t e r A n d T h e S o r c e r e r's S t o n e"
"2026-03-19T14:04:39.7207058-06:00","skip","movie","U:\Just the Jokes\Harry Potter\Harry Potter Order of the Phoenix riff.avi","","IMDb lookup failed: IMDb search returned no tt id for query: HarryPotterOrderofthePhoenixriff"
"2026-03-19T14:04:40.7241391-06:00","skip","movie","U:\Just the Jokes\Harry Potter\Harry Potterand the Chamber of Secrets - RiffTrax.avi","","IMDb lookup failed: IMDb search returned no tt id for query: HarryPotterandtheChamberofSecrets"
"2026-03-19T14:04:42.1525137-06:00","skip","movie","U:\Just the Jokes\Indiana Jones\Indiana.Jones.And.The.Raiders.Of.The.Lost.Ark.1981.1080p.Rifftrax.6ch.2ch.v2.mkv","","IMDb lookup failed: IMDb search returned no tt id for query: I n d i a n a J o n e s A n d T h e R a i d e r s O f T h e L o s t A r k 1981 1080p R i f f t r a x 6c h 2c h v2"
"2026-03-19T14:04:43.5188559-06:00","skip","movie","U:\Just the Jokes\Star Trek\Star Trek - Rifftrax.avi","","IMDb lookup failed: IMDb search returned no tt id for query: StarTrek"
"2026-03-19T14:04:44.7559334-06:00","skip","movie","U:\Just the Jokes\Star Trek\Star Trek 6 - Rifftrax.avi","","IMDb lookup failed: IMDb search returned no tt id for query: S t a r T r e k 6"
"2026-03-19T14:04:46.2515864-06:00","skip","movie","U:\Just the Jokes\Star Trek\Star Trek II - The Wrath of Khan - Rifftrax.mp4","","IMDb lookup failed: IMDb search returned no tt id for query: StarTrekIITheWrathofKhan"
"2026-03-19T14:04:47.7444563-06:00","skip","movie","U:\Just the Jokes\Star Trek\Star Trek V - Rifftrax.avi","","IMDb lookup failed: IMDb search returned no tt id for query: StarTrekV"
"2026-03-19T14:04:48.9696880-06:00","skip","movie","U:\Just the Jokes\Star Trek\Star Trek VII Generations - Rifftrax.avi","","IMDb lookup failed: IMDb search returned no tt id for query: StarTrekVIIGenerations"
"2026-03-19T14:04:49.9011166-06:00","skip","movie","U:\Just the Jokes\Star Trek\Voyager\Star Trek Voyager - Caretaker - Rifftrax.avi","","IMDb lookup failed: IMDb search returned no tt id for query: StarTrekVoyagerCaretaker"
"2026-03-19T14:04:50.7899493-06:00","skip","movie","U:\Live\Birdemic - RifftraxLive.mp4","","IMDb lookup failed: IMDb search returned no tt id for query: BirdemicRifftraxLive"
"2026-03-19T14:04:51.6645919-06:00","skip","movie","U:\Live\Krull.1983.1080p.Rifftrax.6ch.x265.HEVC.mkv","","IMDb lookup failed: IMDb search returned no tt id for query: K r u l l 1983 1080p R i f f t r a x 6c h x265 H E V C"
"2026-03-19T14:04:52.5273175-06:00","skip","movie","U:\Live\Rifftrax Live 001 - Plan 9 From Outer Space.mp4","","IMDb lookup failed: IMDb search returned no tt id for query: R i f f t r a x L i v e 001 P l a n 9 F r o m O u t e r S p a c e"
"2026-03-19T14:04:53.6513695-06:00","skip","movie","U:\Live\Rifftrax Live 002 - Christmas Shorts-stravaganza.mp4","","IMDb lookup failed: IMDb search returned no tt id for query: R i f f t r a x L i v e 002 C h r i s t m a s S h o r t s s t r a v a g a n z a"
"2026-03-19T14:04:55.6567225-06:00","skip","movie","U:\Live\Rifftrax Live 003 - Reefer Madness.mp4","","IMDb lookup failed: IMDb search returned no tt id for query: R i f f t r a x L i v e 003 R e e f e r M a d n e s s"
"2026-03-19T14:04:57.1319127-06:00","skip","movie","U:\Live\Rifftrax Live 004 - House On Haunted Hill.mp4","","IMDb lookup failed: IMDb search returned no tt id for query: R i f f t r a x L i v e 004 H o u s e O n H a u n t e d H i l l"
"2026-03-19T14:04:58.0170155-06:00","skip","movie","U:\Live\Rifftrax Live 005 - Jack The Giant Killer.mp4","","IMDb lookup failed: IMDb search returned no tt id for query: R i f f t r a x L i v e 005 J a c k T h e G i a n t K i l l e r"
"2026-03-19T14:04:59.6847294-06:00","skip","movie","U:\Live\Rifftrax Live 006 - Manos The Hands Of Fate.mp4","","IMDb lookup failed: IMDb search returned no tt id for query: R i f f t r a x L i v e 006 M a n o s T h e H a n d s O f F a t e"
"2026-03-19T14:05:00.7167194-06:00","skip","movie","U:\Live\Rifftrax Live 007 - Birdemic.mp4","","IMDb lookup failed: IMDb search returned no tt id for query: R i f f t r a x L i v e 007 B i r d e m i c"
"2026-03-19T14:05:02.2528114-06:00","skip","movie","U:\Live\Rifftrax Live 009 - Night Of The Living Dead.mp4","","IMDb lookup failed: IMDb search returned no tt id for query: R i f f t r a x L i v e 009 N i g h t O f T h e L i v i n g D e a d"
"2026-03-19T14:05:03.0824029-06:00","skip","movie","U:\Live\Rifftrax Live 013 - (short only) Anaconda - Halloween Party (Live Edition).mp4","","IMDb lookup failed: IMDb search returned no tt id for query: R i f f t r a x L i v e 013 (s h o r t o n l y) A n a c o n d a H a l l o w e e n P a r t y (L i v e E d i t i o n)"
"2026-03-19T14:05:04.8259830-06:00","skip","movie","U:\Live\Rifftrax Live 014 - Santa Claus.mp4","","IMDb lookup failed: IMDb search returned no tt id for query: R i f f t r a x L i v e 014 S a n t a C l a u s"
"2026-03-19T14:05:06.3286354-06:00","skip","movie","U:\Live\Rifftrax Live 015 - (short only) The Room - At Your Fingertips Floats (Live Edition).mp4","","IMDb lookup failed: IMDb search returned no tt id for query: R i f f t r a x L i v e 015 (s h o r t o n l y) T h e R o o m A t Y o u r F i n g e r t i p s F l o a t s (L i v e E d i t i o n)"
"2026-03-19T14:05:07.6837371-06:00","skip","movie","U:\Live\Rifftrax Live 016 - Sharknado 2 The Second One.mp4","","IMDb lookup failed: IMDb search returned no tt id for query: R i f f t r a x L i v e 016 S h a r k n a d o 2 T h e S e c o n d O n e"
"2026-03-19T14:05:08.8172912-06:00","skip","movie","U:\Live\Rifftrax Live 018 - Santa And The Ice Cream Bunny.mp4","","IMDb lookup failed: IMDb search returned no tt id for query: R i f f t r a x L i v e 018 S a n t a A n d T h e I c e C r e a m B u n n y"
"2026-03-19T14:05:09.4835138-06:00","skip","movie","U:\Live\Rifftrax Live 020 - MST3K Reunion Show.mp4","","IMDb lookup failed: IMDb search returned no tt id for query: R i f f t r a x L i v e 020 M S T3K R e u n i o n S h o w"
"2026-03-19T14:05:11.0616229-06:00","skip","movie","U:\Live\Rifftrax Live 021 - (short only) Mothra - Soapy The Germ Fighter.mp4","","IMDb lookup failed: IMDb search returned no tt id for query: R i f f t r a x L i v e 021 (s h o r t o n l y) M o t h r a S o a p y T h e G e r m F i g h t e r"
"2026-03-19T14:05:12.8168174-06:00","skip","movie","U:\Live\Rifftrax Live 022 - Carnival Of Souls.mp4","","IMDb lookup failed: IMDb search returned no tt id for query: R i f f t r a x L i v e 022 C a r n i v a l O f S o u l s"
"2026-03-19T14:05:14.2779701-06:00","skip","movie","U:\Live\Rifftrax Live 023 - Samurai Cop.mp4","","IMDb lookup failed: IMDb search returned no tt id for query: R i f f t r a x L i v e 023 S a m u r a i C o p"
"2026-03-19T14:05:15.7658815-06:00","skip","movie","U:\Live\Rifftrax Live 024 - Summer Shorts Beach Party.mp4","","IMDb lookup failed: IMDb search returned no tt id for query: R i f f t r a x L i v e 024 S u m m e r S h o r t s B e a c h P a r t y"
"2026-03-19T14:05:16.9588181-06:00","skip","movie","U:\Live\Rifftrax Live 025 - (short only) Doctor Who The Five Doctors - Play Safe (Live Edition).mp4","","IMDb lookup failed: IMDb search returned no tt id for query: R i f f t r a x L i v e 025 (s h o r t o n l y) D o c t o r W h o T h e F i v e D o c t o r s P l a y S a f e (L i v e E d i t i o n)"
"2026-03-19T14:05:18.7631191-06:00","skip","movie","U:\Live\Rifftrax Live 029 - Star Raiders.mp4","","IMDb lookup failed: IMDb search returned no tt id for query: R i f f t r a x L i v e 029 S t a r R a i d e r s"
"2026-03-19T14:05:20.0266786-06:00","skip","movie","U:\Live\Rifftrax Live 033 - Return Of Swamp Thing.mp4","","IMDb lookup failed: IMDb search returned no tt id for query: R i f f t r a x L i v e 033 R e t u r n O f S w a m p T h i n g"
"2026-03-19T14:05:20.8841002-06:00","skip","movie","U:\Live\RiffTraxLive - JackTheGiantKiller_iPad.mp4","","IMDb lookup failed: IMDb search returned no tt id for query: RiffTraxLiveJackTheGiantKilleriPad"
"2026-03-19T14:05:21.6026295-06:00","skip","movie","U:\Live\RiffTraxLive - SantaConquersTheMartians.mp4","","IMDb lookup failed: IMDb search returned no tt id for query: RiffTraxLiveSantaConquersTheMartians"
"2026-03-19T14:05:23.3443855-06:00","skip","movie","U:\Live\RiffTraxLive-Amityville4TheEvilEscapes.mp4","","IMDb lookup failed: IMDb search returned no tt id for query: R i f f T r a x L i v e A m i t y v i l l e4T h e E v i l E s c a p e s"
"2026-03-19T14:05:24.1298796-06:00","skip","movie","U:\Live\RiffTraxLive-GiantSpiderInvasion.mp4","","IMDb lookup failed: IMDb search returned no tt id for query: RiffTraxLiveGiantSpiderInvasion"
"2026-03-19T14:05:25.1312661-06:00","skip","movie","U:\Live\RiffTraxLive-Hobgoblins.mp4","","IMDb lookup failed: IMDb search returned no tt id for query: RiffTraxLiveHobgoblins"
"2026-03-19T14:05:26.2279221-06:00","skip","movie","U:\Live\RiffTraxLive-MiamiConnection.mp4","","IMDb lookup failed: IMDb search returned no tt id for query: RiffTraxLiveMiamiConnection"
"2026-03-19T14:05:27.4342913-06:00","skip","movie","U:\Live\RiffTraxLive-Octaman.mp4","","IMDb lookup failed: IMDb search returned no tt id for query: RiffTraxLiveOctaman"
"2026-03-19T14:05:29.3530455-06:00","skip","movie","U:\Live\RiffTraxLive-Plan9FromOuterSpace.mp4","","IMDb lookup failed: IMDb search returned no tt id for query: R i f f T r a x L i v e P l a n9F r o m O u t e r S p a c e"
"2026-03-19T14:05:31.0942382-06:00","skip","movie","U:\Live\RiffTraxLive-Rad.mp4","","IMDb lookup failed: IMDb search returned no tt id for query: RiffTraxLiveRad"
"2026-03-19T14:05:32.1860873-06:00","skip","movie","U:\Live\RiffTraxLive-ReturnOfSwampThing.mp4","","IMDb lookup failed: IMDb search returned no tt id for query: RiffTraxLiveReturnOfSwampThing"
"2026-03-19T14:05:33.6713013-06:00","skip","movie","U:\Live\RiffTraxLive-SantaClaus.mp4","","IMDb lookup failed: IMDb search returned no tt id for query: RiffTraxLiveSantaClaus"
"2026-03-19T14:05:34.5359727-06:00","skip","movie","U:\Live\RiffTraxLive-SantaConquersTheMartians.mp4","","IMDb lookup failed: IMDb search returned no tt id for query: RiffTraxLiveSantaConquersTheMartians"
"2026-03-19T14:05:35.6292495-06:00","skip","movie","U:\Live\RiffTraxLive-SpaceMutiny.mp4","","IMDb lookup failed: IMDb search returned no tt id for query: RiffTraxLiveSpaceMutiny"
"2026-03-19T14:05:37.1314497-06:00","skip","movie","U:\Live\RiffTraxLive-Timechasers.mp4","","IMDb lookup failed: IMDb search returned no tt id for query: RiffTraxLiveTimechasers"
"2026-03-19T14:05:38.2647777-06:00","skip","movie","U:\Live\RiffTraxLiveSharknado.mp4","","IMDb lookup failed: IMDb search returned no tt id for query: RiffTraxLiveSharknado"
"2026-03-19T14:05:40.4619510-06:00","skip","movie","U:\Live\The.Room.2003.720p.Riffv2.Riffv1.6ch.2ch.5subs.mkv","","IMDb lookup failed: IMDb search returned no tt id for query: T h e R o o m 2003 720p R i f f v2 R i f f v1 6c h 2c h 5s u b s"
"2026-03-19T14:05:41.7547972-06:00","skip","movie","U:\Mathew J Elliot\AssignmentOuterSpace.mp4","","IMDb lookup failed: IMDb search returned no tt id for query: AssignmentOuterSpace"
"2026-03-19T14:05:42.9606593-06:00","skip","movie","U:\Mathew J Elliot\AtomAgeVampire.mp4","","IMDb lookup failed: IMDb search returned no tt id for query: AtomAgeVampire"
"2026-03-19T14:05:44.1841466-06:00","skip","movie","U:\Mathew J Elliot\FlashGordon_Part2.mp4","","IMDb lookup failed: IMDb search returned no tt id for query: F l a s h G o r d o n P a r t2"
"2026-03-19T14:05:45.0349046-06:00","skip","movie","U:\Mathew J Elliot\FlashGordon1954_Part1.mp4","","IMDb lookup failed: IMDb search returned no tt id for query: F l a s h G o r d o n1954 P a r t1"
"2026-03-19T14:05:46.3958907-06:00","skip","movie","U:\Mathew J Elliot\KingOfKongIsland.mpeg","","IMDb lookup failed: IMDb search returned no tt id for query: KingOfKongIsland"
"2026-03-19T14:05:47.6241138-06:00","skip","movie","U:\Mathew J Elliot\PlanetOutlaws.mp4","","IMDb lookup failed: IMDb search returned no tt id for query: PlanetOutlaws"
"2026-03-19T14:05:48.6581784-06:00","skip","movie","U:\Mathew J Elliot\PurpleDeathFromOuterSpace.mp4","","IMDb lookup failed: IMDb search returned no tt id for query: PurpleDeathFromOuterSpace"
"2026-03-19T14:05:50.1572419-06:00","skip","movie","U:\Mathew J Elliot\Snowbeast.mp4","","IMDb lookup failed: IMDb search returned no tt id for query: Snowbeast"
"2026-03-19T14:05:51.0523328-06:00","skip","movie","U:\Shorts\ABadgersBadDay.mp4","","IMDb lookup failed: IMDb search returned no tt id for query: ABadgersBadDay"
"2026-03-19T14:05:52.6204643-06:00","skip","movie","U:\Shorts\ABoyOfIndia.wmv","","IMDb lookup failed: IMDb search returned no tt id for query: ABoyOfIndia"
"2026-03-19T14:05:53.3771459-06:00","skip","movie","U:\Shorts\ACaseOfSpringFever.mp4","","IMDb lookup failed: IMDb search returned no tt id for query: ACaseOfSpringFever"
"2026-03-19T14:05:54.2087264-06:00","skip","movie","U:\Shorts\ADayOfThanksgiving.mp4","","IMDb lookup failed: IMDb search returned no tt id for query: ADayOfThanksgiving"
"2026-03-19T14:05:55.6563815-06:00","skip","movie","U:\Shorts\Alcohol.wmv","","IMDb lookup failed: IMDb search returned no tt id for query: Alcohol"
"2026-03-19T14:05:57.2067728-06:00","skip","movie","U:\Shorts\Animal Homes -Rifftrax.mp4","","IMDb lookup failed: IMDb search returned no tt id for query: AnimalHomes"
"2026-03-19T14:05:58.1429123-06:00","skip","movie","U:\Shorts\AtYourFingertips-Grasses.mpeg","","IMDb lookup failed: IMDb search returned no tt id for query: AtYourFingertipsGrasses"
"2026-03-19T14:05:58.9369633-06:00","skip","movie","U:\Shorts\AtYourFingertips-PlayClay.mp4","","IMDb lookup failed: IMDb search returned no tt id for query: AtYourFingertipsPlayClay"
"2026-03-19T14:05:59.8285004-06:00","skip","movie","U:\Shorts\BasicJobSkills-Customers.mpg","","IMDb lookup failed: IMDb search returned no tt id for query: BasicJobSkillsCustomers"
"2026-03-19T14:06:00.7779084-06:00","skip","movie","U:\Shorts\BeginningResponsibility-BrokenBookshop.wmv","","IMDb lookup failed: IMDb search returned no tt id for query: BeginningResponsibilityBrokenBookshop"
"2026-03-19T14:06:01.7342284-06:00","skip","movie","U:\Shorts\BehaveBernard.mp4","","IMDb lookup failed: IMDb search returned no tt id for query: BehaveBernard"
"2026-03-19T14:06:02.6831470-06:00","skip","movie","U:\Shorts\BillysHelicopterRide[iPod].mp4","","IMDb lookup failed: IMDb search returned no tt id for query: B i l l y s H e l i c o p t e r R i d e[i P o d]"
"2026-03-19T14:06:03.6742775-06:00","skip","movie","U:\Shorts\BR-GettingReadyForSchool.mp4","","IMDb lookup failed: IMDb search returned no tt id for query: BRGettingReadyForSchool"
"2026-03-19T14:06:04.4553839-06:00","skip","movie","U:\Shorts\ChipmunkFamily.mpeg","","IMDb lookup failed: IMDb search returned no tt id for query: ChipmunkFamily"
"2026-03-19T14:06:05.3385550-06:00","skip","movie","U:\Shorts\Choking-ToSaveALife.mp4","","IMDb lookup failed: IMDb search returned no tt id for query: ChokingToSaveALife"
"2026-03-19T14:06:06.2490466-06:00","skip","movie","U:\Shorts\ChristmasWithRiffTrax-SantasVillageOfMadness.mpeg","","IMDb lookup failed: IMDb search returned no tt id for query: ChristmasWithRiffTraxSantasVillageOfMadness"
"2026-03-19T14:06:07.0434639-06:00","skip","movie","U:\Shorts\CleanAndNeatWithHarvAndMarv.mp4","","IMDb lookup failed: IMDb search returned no tt id for query: CleanAndNeatWithHarvAndMarv"
"2026-03-19T14:06:07.9751959-06:00","skip","movie","U:\Shorts\CookingTerms.mp4","","IMDb lookup failed: IMDb search returned no tt id for query: CookingTerms"
"2026-03-19T14:06:08.9605683-06:00","skip","movie","U:\Shorts\CooksAndChefs.wmv","","IMDb lookup failed: IMDb search returned no tt id for query: CooksAndChefs"
"2026-03-19T14:06:09.8125087-06:00","skip","movie","U:\Shorts\CorkytheCrow.wmv","","IMDb lookup failed: IMDb search returned no tt id for query: CorkytheCrow"
"2026-03-19T14:06:11.1414036-06:00","skip","movie","U:\Shorts\CountyFair.wmv","","IMDb lookup failed: IMDb search returned no tt id for query: CountyFair"
"2026-03-19T14:06:12.0921660-06:00","skip","movie","U:\Shorts\Courtesy-AGoodEggsample.mpg","","IMDb lookup failed: IMDb search returned no tt id for query: CourtesyAGoodEggsample"
"2026-03-19T14:06:12.9607926-06:00","skip","movie","U:\Shorts\CourtesyCountsALot.mpg","","IMDb lookup failed: IMDb search returned no tt id for query: CourtesyCountsALot"
"2026-03-19T14:06:13.7235212-06:00","skip","movie","U:\Shorts\DangerKeepOut.wmv","","IMDb lookup failed: IMDb search returned no tt id for query: DangerKeepOut"
"2026-03-19T14:06:14.5999875-06:00","skip","movie","U:\Shorts\DavidAndHazel.wmv","","IMDb lookup failed: IMDb search returned no tt id for query: DavidAndHazel"
"2026-03-19T14:06:16.0977792-06:00","skip","movie","U:\Shorts\Dinosaurs.mpg","","IMDb lookup failed: IMDb search returned no tt id for query: Dinosaurs"
"2026-03-19T14:06:17.5807951-06:00","skip","movie","U:\Shorts\DuckAndCover.mp4","","IMDb lookup failed: IMDb search returned no tt id for query: DuckAndCover"
"2026-03-19T14:06:18.4635056-06:00","skip","movie","U:\Shorts\Families-EarningandSpending.wmv","","IMDb lookup failed: IMDb search returned no tt id for query: FamiliesEarningandSpending"
"2026-03-19T14:06:19.2621780-06:00","skip","movie","U:\Shorts\FarmBabiesAndTheirMothers_iPad.mp4","","IMDb lookup failed: IMDb search returned no tt id for query: FarmBabiesAndTheirMothersiPad"
"2026-03-19T14:06:20.0855425-06:00","skip","movie","U:\Shorts\FashionHorizons.mp4","","IMDb lookup failed: IMDb search returned no tt id for query: FashionHorizons"
"2026-03-19T14:06:20.9037983-06:00","skip","movie","U:\Shorts\Feelings-FeelingAlone.wmv","","IMDb lookup failed: IMDb search returned no tt id for query: FeelingsFeelingAlone"
"2026-03-19T14:06:21.7001397-06:00","skip","movie","U:\Shorts\FishThatNearlyDrowned_iPad.mp4","","IMDb lookup failed: IMDb search returned no tt id for query: FishThatNearlyDrownediPad"
"2026-03-19T14:06:22.5459415-06:00","skip","movie","U:\Shorts\FlashThatSmile.mp4","","IMDb lookup failed: IMDb search returned no tt id for query: FlashThatSmile"
"2026-03-19T14:06:23.8779307-06:00","skip","movie","U:\Shorts\Friends.mp4","","IMDb lookup failed: IMDb search returned no tt id for query: Friends"
"2026-03-19T14:06:25.9829564-06:00","skip","movie","U:\Shorts\Friends.wmv","","IMDb lookup failed: IMDb search returned no tt id for query: Friends"
"2026-03-19T14:06:26.9651563-06:00","skip","movie","U:\Shorts\FrustratingFours.mp4","","IMDb lookup failed: IMDb search returned no tt id for query: FrustratingFours"
"2026-03-19T14:06:27.9730567-06:00","skip","movie","U:\Shorts\GettingAngry.mp4","","IMDb lookup failed: IMDb search returned no tt id for query: GettingAngry"
"2026-03-19T14:06:29.6245630-06:00","skip","movie","U:\Shorts\GoodbyeWeeds.mpg","","IMDb lookup failed: IMDb search returned no tt id for query: GoodbyeWeeds"
"2026-03-19T14:06:30.4014033-06:00","skip","movie","U:\Shorts\HareAndTheTortoise.mpeg","","IMDb lookup failed: IMDb search returned no tt id for query: HareAndTheTortoise"
"2026-03-19T14:06:31.2171816-06:00","skip","movie","U:\Shorts\Health-YourPosture.mp4","","IMDb lookup failed: IMDb search returned no tt id for query: HealthYourPosture"
"2026-03-19T14:06:32.1389176-06:00","skip","movie","U:\Shorts\HowToBeCourteousToMaryJo.mp4","","IMDb lookup failed: IMDb search returned no tt id for query: HowToBeCourteousToMaryJo"
"2026-03-19T14:06:33.0467488-06:00","skip","movie","U:\Shorts\HowToKeepAJob.mp4","","IMDb lookup failed: IMDb search returned no tt id for query: HowToKeepAJob"
"2026-03-19T14:06:33.7868892-06:00","skip","movie","U:\Shorts\ImproveYourPronunciation.mpg","","IMDb lookup failed: IMDb search returned no tt id for query: ImproveYourPronunciation"
"2026-03-19T14:06:35.0888490-06:00","skip","movie","U:\Shorts\JackAndTheBeanstalk.mp4","","IMDb lookup failed: IMDb search returned no tt id for query: JackAndTheBeanstalk"
"2026-03-19T14:06:36.1298910-06:00","skip","movie","U:\Shorts\JimmyOfTheSafetyPatrol.mpeg","","IMDb lookup failed: IMDb search returned no tt id for query: JimmyOfTheSafetyPatrol"
"2026-03-19T14:06:37.0949325-06:00","skip","movie","U:\Shorts\JoinHandsLetGo.wmv","","IMDb lookup failed: IMDb search returned no tt id for query: JoinHandsLetGo"
"2026-03-19T14:06:38.5619420-06:00","skip","movie","U:\Shorts\JoyRide.mpeg","","IMDb lookup failed: IMDb search returned no tt id for query: JoyRide"
"2026-03-19T14:06:39.5843882-06:00","skip","movie","U:\Shorts\JuanandHisDonkey.mpeg","","IMDb lookup failed: IMDb search returned no tt id for query: JuanandHisDonkey"
"2026-03-19T14:06:41.0056765-06:00","skip","movie","U:\Shorts\Kangaroos.wmv","","IMDb lookup failed: IMDb search returned no tt id for query: Kangaroos"
"2026-03-19T14:06:42.1349179-06:00","skip","movie","U:\Shorts\LetsGiveKittyABath.mp4","","IMDb lookup failed: IMDb search returned no tt id for query: LetsGiveKittyABath"
"2026-03-19T14:06:43.0299076-06:00","skip","movie","U:\Shorts\LetsPretend-MagicSneakers.wmv","","IMDb lookup failed: IMDb search returned no tt id for query: LetsPretendMagicSneakers"
"2026-03-19T14:06:44.1373477-06:00","skip","movie","U:\Shorts\LitterMonster.mp4","","IMDb lookup failed: IMDb search returned no tt id for query: LitterMonster"
"2026-03-19T14:06:44.9223251-06:00","skip","movie","U:\Shorts\MaintainingClassroomDiscipline.mpeg","","IMDb lookup failed: IMDb search returned no tt id for query: MaintainingClassroomDiscipline"
"2026-03-19T14:06:45.8445620-06:00","skip","movie","U:\Shorts\MakingSenseWithSentences.mpg","","IMDb lookup failed: IMDb search returned no tt id for query: MakingSenseWithSentences"
"2026-03-19T14:06:46.6028304-06:00","skip","movie","U:\Shorts\MakingSenseWithSentences.wmv","","IMDb lookup failed: IMDb search returned no tt id for query: MakingSenseWithSentences"
"2026-03-19T14:06:47.4151991-06:00","skip","movie","U:\Shorts\MarriageIsAPartnership.mp4","","IMDb lookup failed: IMDb search returned no tt id for query: MarriageIsAPartnership"
"2026-03-19T14:06:48.9842382-06:00","skip","movie","U:\Shorts\MonkeySeeMonkeyDo.mpg","","IMDb lookup failed: IMDb search returned no tt id for query: MonkeySeeMonkeyDo"
"2026-03-19T14:06:49.7420512-06:00","skip","movie","U:\Shorts\MrBNatural_Tablet.mp4","","IMDb lookup failed: IMDb search returned no tt id for query: MrBNatural"
"2026-03-19T14:06:50.7408732-06:00","skip","movie","U:\Shorts\MysteriousMessage.wmv","","IMDb lookup failed: IMDb search returned no tt id for query: MysteriousMessage"
"2026-03-19T14:06:51.6125882-06:00","skip","movie","U:\Shorts\NightBeforeChristmas.mpeg","","IMDb lookup failed: IMDb search returned no tt id for query: NightBeforeChristmas"
"2026-03-19T14:06:52.6248592-06:00","skip","movie","U:\Shorts\NormanChecksIn.mpeg","","IMDb lookup failed: IMDb search returned no tt id for query: NormanChecksIn"
"2026-03-19T14:06:53.3215757-06:00","skip","movie","U:\Shorts\NormanChecksIn.mpg","","IMDb lookup failed: IMDb search returned no tt id for query: NormanChecksIn"
"2026-03-19T14:06:54.2488493-06:00","skip","movie","U:\Shorts\NormanGivesASpeech.mp4","","IMDb lookup failed: IMDb search returned no tt id for query: NormanGivesASpeech"
"2026-03-19T14:06:55.1791033-06:00","skip","movie","U:\Shorts\NormanKrasner_Tablet.mp4","","IMDb lookup failed: IMDb search returned no tt id for query: NormanKrasner"
"2026-03-19T14:06:56.8118054-06:00","skip","movie","U:\Shorts\Nutrition.mpg","","IMDb lookup failed: IMDb search returned no tt id for query: Nutrition"
"2026-03-19T14:06:57.7190331-06:00","skip","movie","U:\Shorts\OhBoyBabies.mp4","","IMDb lookup failed: IMDb search returned no tt id for query: OhBoyBabies"
"2026-03-19T14:06:58.4606039-06:00","skip","movie","U:\Shorts\OneTurkeyTwoTurkey.wmv","","IMDb lookup failed: IMDb search returned no tt id for query: OneTurkeyTwoTurkey"
"2026-03-19T14:06:59.8818887-06:00","skip","movie","U:\Shorts\PaperAndI.wmv","","IMDb lookup failed: IMDb search returned no tt id for query: PaperAndI"
"2026-03-19T14:07:00.6703967-06:00","skip","movie","U:\Shorts\PricklyThePorcupine.wmv","","IMDb lookup failed: IMDb search returned no tt id for query: PricklyThePorcupine"
"2026-03-19T14:07:01.6006135-06:00","skip","movie","U:\Shorts\ReadingFromNowOn.mpg","","IMDb lookup failed: IMDb search returned no tt id for query: ReadingFromNowOn"
"2026-03-19T14:07:02.3208084-06:00","skip","movie","U:\Shorts\ReadingFromNowOn.wmv","","IMDb lookup failed: IMDb search returned no tt id for query: ReadingFromNowOn"
"2026-03-19T14:07:03.1698291-06:00","skip","movie","U:\Shorts\ReadOnFromLeftToRight.mp4","","IMDb lookup failed: IMDb search returned no tt id for query: ReadOnFromLeftToRight"
"2026-03-19T14:07:04.1602774-06:00","skip","movie","U:\Shorts\RediscoveryPuppets.mp4","","IMDb lookup failed: IMDb search returned no tt id for query: RediscoveryPuppets"
"2026-03-19T14:07:05.6270658-06:00","skip","movie","U:\Shorts\RescueMan.mpeg","","IMDb lookup failed: IMDb search returned no tt id for query: RescueMan"
"2026-03-19T14:07:06.5818289-06:00","skip","movie","U:\Shorts\rifftrax - a visit to santa .mpg","","IMDb lookup failed: IMDb search returned no tt id for query: rifftraxavisittosanta"
"2026-03-19T14:07:07.4503078-06:00","skip","movie","U:\Shorts\rifftrax - Act Your Age .mpg","","IMDb lookup failed: IMDb search returned no tt id for query: rifftraxActYourAge"
"2026-03-19T14:07:08.3660572-06:00","skip","movie","U:\Shorts\Rifftrax - Alcohol Trigger Films .avi","","IMDb lookup failed: IMDb search returned no tt id for query: RifftraxAlcoholTriggerFilms"
"2026-03-19T14:07:09.1708567-06:00","skip","movie","U:\Shorts\Rifftrax - AquaFrolics.avi","","IMDb lookup failed: IMDb search returned no tt id for query: RifftraxAquaFrolics"
"2026-03-19T14:07:10.1056730-06:00","skip","movie","U:\Shorts\Rifftrax - Are All People The Same.mpg","","IMDb lookup failed: IMDb search returned no tt id for query: RifftraxAreAllPeopleTheSame"
"2026-03-19T14:07:11.0592777-06:00","skip","movie","U:\Shorts\Rifftrax - Are You Popular.avi","","IMDb lookup failed: IMDb search returned no tt id for query: RifftraxAreYouPopular"
"2026-03-19T14:07:11.9090707-06:00","skip","movie","U:\Shorts\Rifftrax - Bill Of Rights.mpg","","IMDb lookup failed: IMDb search returned no tt id for query: RifftraxBillOfRights"
"2026-03-19T14:07:12.6716668-06:00","skip","movie","U:\Shorts\rifftrax - Buying Food .mpg","","IMDb lookup failed: IMDb search returned no tt id for query: rifftraxBuyingFood"
"2026-03-19T14:07:13.5806392-06:00","skip","movie","U:\Shorts\Rifftrax - Carnivorous Plants.avi","","IMDb lookup failed: IMDb search returned no tt id for query: RifftraxCarnivorousPlants"
"2026-03-19T14:07:14.5793920-06:00","skip","movie","U:\Shorts\rifftrax - Christmas Dream.avi","","IMDb lookup failed: IMDb search returned no tt id for query: rifftraxChristmasDream"
"2026-03-19T14:07:15.4190458-06:00","skip","movie","U:\Shorts\rifftrax - Christmas Rhapsody.avi","","IMDb lookup failed: IMDb search returned no tt id for query: rifftraxChristmasRhapsody"
"2026-03-19T14:07:16.2424049-06:00","skip","movie","U:\Shorts\rifftrax - Coffee House .mpg","","IMDb lookup failed: IMDb search returned no tt id for query: rifftraxCoffeeHouse"
"2026-03-19T14:07:16.9907908-06:00","skip","movie","U:\Shorts\Rifftrax - Cooking Terms.mpg","","IMDb lookup failed: IMDb search returned no tt id for query: RifftraxCookingTerms"
"2026-03-19T14:07:17.9937614-06:00","skip","movie","U:\Shorts\Rifftrax - Cops Who Needs Them.mpg","","IMDb lookup failed: IMDb search returned no tt id for query: RifftraxCopsWhoNeedsThem"
"2026-03-19T14:07:18.7642369-06:00","skip","movie","U:\Shorts\rifftrax - Cork Crashes And Curiosities  .mpg","","IMDb lookup failed: IMDb search returned no tt id for query: rifftraxCorkCrashesAndCuriosities"
"2026-03-19T14:07:19.5830545-06:00","skip","movie","U:\Shorts\Rifftrax - Damaged Goods.mpg","","IMDb lookup failed: IMDb search returned no tt id for query: RifftraxDamagedGoods"
"2026-03-19T14:07:20.3176008-06:00","skip","movie","U:\Shorts\Rifftrax - Dont Be A Bloody Idiot.mpg","","IMDb lookup failed: IMDb search returned no tt id for query: RifftraxDontBeABloodyIdiot"
"2026-03-19T14:07:21.1300536-06:00","skip","movie","U:\Shorts\rifftrax - Down And Out .mpg","","IMDb lookup failed: IMDb search returned no tt id for query: rifftraxDownAndOut"
"2026-03-19T14:07:22.3710716-06:00","skip","movie","U:\Shorts\rifftrax - Drugs Are Like That .avi","","IMDb lookup failed: IMDb search returned no tt id for query: rifftraxDrugsAreLikeThat"
"2026-03-19T14:07:23.2743518-06:00","skip","movie","U:\Shorts\Rifftrax - Fad Diet Circus.mpg","","IMDb lookup failed: IMDb search returned no tt id for query: RifftraxFadDietCircus"
"2026-03-19T14:07:24.6194467-06:00","skip","movie","U:\Shorts\Rifftrax - Family Teamwork.mpg","","IMDb lookup failed: IMDb search returned no tt id for query: RifftraxFamilyTeamwork"
"2026-03-19T14:07:25.3728185-06:00","skip","movie","U:\Shorts\Rifftrax - Flying Stewardesses.mpg","","IMDb lookup failed: IMDb search returned no tt id for query: RifftraxFlyingStewardesses"
"2026-03-19T14:07:26.4130320-06:00","skip","movie","U:\Shorts\Rifftrax - Good Eating Habits.avi","","IMDb lookup failed: IMDb search returned no tt id for query: RifftraxGoodEatingHabits"
"2026-03-19T14:07:27.2136917-06:00","skip","movie","U:\Shorts\Rifftrax - Good Health Practices.avi","","IMDb lookup failed: IMDb search returned no tt id for query: RifftraxGoodHealthPractices"
"2026-03-19T14:07:27.9099098-06:00","skip","movie","U:\Shorts\Rifftrax - Highway Mania.mpg","","IMDb lookup failed: IMDb search returned no tt id for query: RifftraxHighwayMania"
"2026-03-19T14:07:28.6244249-06:00","skip","movie","U:\Shorts\rifftrax - If Mirrors Could Speak .mpg","","IMDb lookup failed: IMDb search returned no tt id for query: rifftraxIfMirrorsCouldSpeak"
"2026-03-19T14:07:30.0025019-06:00","skip","movie","U:\Shorts\Rifftrax - It Must Be The Neighbors.avi","","IMDb lookup failed: IMDb search returned no tt id for query: RifftraxItMustBeTheNeighbors"
"2026-03-19T14:07:30.8185892-06:00","skip","movie","U:\Shorts\Rifftrax - Kitty Cleans Up.avi","","IMDb lookup failed: IMDb search returned no tt id for query: RifftraxKittyCleansUp"
"2026-03-19T14:07:31.8139922-06:00","skip","movie","U:\Shorts\Rifftrax - Lunchroom Manners.avi","","IMDb lookup failed: IMDb search returned no tt id for query: RifftraxLunchroomManners"
"2026-03-19T14:07:32.4349806-06:00","skip","movie","U:\Shorts\Rifftrax - Magical Disappearing Money.mpg","","IMDb lookup failed: IMDb search returned no tt id for query: RifftraxMagicalDisappearingMoney"
"2026-03-19T14:07:33.2543457-06:00","skip","movie","U:\Shorts\Rifftrax - Monkey See Monkey Do.mpg","","IMDb lookup failed: IMDb search returned no tt id for query: RifftraxMonkeySeeMonkeyDo"
"2026-03-19T14:07:34.1793938-06:00","skip","movie","U:\Shorts\Rifftrax - Moose Baby.mpg","","IMDb lookup failed: IMDb search returned no tt id for query: RifftraxMooseBaby"
"2026-03-19T14:07:35.0597730-06:00","skip","movie","U:\Shorts\Rifftrax - More Dangerous Than Dynamite.mpg","","IMDb lookup failed: IMDb search returned no tt id for query: RifftraxMoreDangerousThanDynamite"
"2026-03-19T14:07:35.8372661-06:00","skip","movie","U:\Shorts\rifftrax - one got fat .mpg","","IMDb lookup failed: IMDb search returned no tt id for query: rifftraxonegotfat"
"2026-03-19T14:07:36.6629394-06:00","skip","movie","U:\Shorts\Rifftrax - Overcoming Fear.mpg","","IMDb lookup failed: IMDb search returned no tt id for query: RifftraxOvercomingFear"
"2026-03-19T14:07:37.3787963-06:00","skip","movie","U:\Shorts\rifftrax - Parade Of Aquatic Champions.avi","","IMDb lookup failed: IMDb search returned no tt id for query: rifftraxParadeOfAquaticChampions"
"2026-03-19T14:07:38.5173398-06:00","skip","movie","U:\Shorts\Rifftrax - Patriotism.avi","","IMDb lookup failed: IMDb search returned no tt id for query: RifftraxPatriotism"
"2026-03-19T14:07:39.3390440-06:00","skip","movie","U:\Shorts\Rifftrax - Primary Safety In School.wmv","","IMDb lookup failed: IMDb search returned no tt id for query: RifftraxPrimarySafetyInSchool"
"2026-03-19T14:07:40.2356465-06:00","skip","movie","U:\Shorts\Rifftrax - Right or Wrong.avi","","IMDb lookup failed: IMDb search returned no tt id for query: RifftraxRightorWrong"
"2026-03-19T14:07:41.0731596-06:00","skip","movie","U:\Shorts\Rifftrax - Rudolph The Red-Nosed Reindeer.avi","","IMDb lookup failed: IMDb search returned no tt id for query: RifftraxRudolphTheRedNosedReindeer"
"2026-03-19T14:07:42.0130170-06:00","skip","movie","U:\Shorts\rifftrax - saftey harm hide at home .mpg","","IMDb lookup failed: IMDb search returned no tt id for query: rifftraxsafteyharmhideathome"
"2026-03-19T14:07:42.7992349-06:00","skip","movie","U:\Shorts\Rifftrax - Self Conscious Guy.avi","","IMDb lookup failed: IMDb search returned no tt id for query: RifftraxSelfConsciousGuy"
"2026-03-19T14:07:43.5854188-06:00","skip","movie","U:\Shorts\Rifftrax - Shake Hands With Danger.mpg","","IMDb lookup failed: IMDb search returned no tt id for query: RifftraxShakeHandsWithDanger"
"2026-03-19T14:07:44.2785785-06:00","skip","movie","U:\Shorts\Rifftrax - Skipper Learns a Lesson.avi","","IMDb lookup failed: IMDb search returned no tt id for query: RifftraxSkipperLearnsaLesson"
"2026-03-19T14:07:45.0367910-06:00","skip","movie","U:\Shorts\Rifftrax - Snap Out Of It.mpg","","IMDb lookup failed: IMDb search returned no tt id for query: RifftraxSnapOutOfIt"
"2026-03-19T14:07:45.9615766-06:00","skip","movie","U:\Shorts\rifftrax - Terrible Truth .mpg","","IMDb lookup failed: IMDb search returned no tt id for query: rifftraxTerribleTruth"
"2026-03-19T14:07:47.0228967-06:00","skip","movie","U:\Shorts\rifftrax - The Night Before Christmas.avi","","IMDb lookup failed: IMDb search returned no tt id for query: rifftraxTheNightBeforeChristmas"
"2026-03-19T14:07:47.9950277-06:00","skip","movie","U:\Shorts\rifftrax - The Trouble With Women.avi","","IMDb lookup failed: IMDb search returned no tt id for query: rifftraxTheTroubleWithWomen"
"2026-03-19T14:07:48.8022543-06:00","skip","movie","U:\Shorts\Rifftrax - Things Are Different Now.mpg","","IMDb lookup failed: IMDb search returned no tt id for query: RifftraxThingsAreDifferentNow"
"2026-03-19T14:07:49.6769808-06:00","skip","movie","U:\Shorts\rifftrax - Three Magic Words.avi","","IMDb lookup failed: IMDb search returned no tt id for query: rifftraxThreeMagicWords"
"2026-03-19T14:07:51.5005743-06:00","skip","movie","U:\Shorts\Rifftrax - Toward Emotional Maturity.wmv","","IMDb lookup failed: IMDb search returned no tt id for query: RifftraxTowardEmotionalMaturity"
"2026-03-19T14:07:52.1278124-06:00","skip","movie","U:\Shorts\Rifftrax - Watch Out For My Plant.mpg","","IMDb lookup failed: IMDb search returned no tt id for query: RifftraxWatchOutForMyPlant"
"2026-03-19T14:07:54.1947273-06:00","skip","movie","U:\Shorts\Rifftrax - What If We Had A Fire.mpg","","IMDb lookup failed: IMDb search returned no tt id for query: RifftraxWhatIfWeHadAFire"
"2026-03-19T14:07:54.9766795-06:00","skip","movie","U:\Shorts\Rifftrax - Whatever The Weather.mpg","","IMDb lookup failed: IMDb search returned no tt id for query: RifftraxWhateverTheWeather"
"2026-03-19T14:07:56.5420761-06:00","skip","movie","U:\Shorts\rifftrax - why doesn't cathy eat breakfast-Petaluma Chicken .avi","","IMDb lookup failed: IMDb search returned no tt id for query: r i f f t r a x w h y d o e s n't c a t h y e a t b r e a k f a s t P e t a l u m a C h i c k e n"
"2026-03-19T14:07:57.4268259-06:00","skip","movie","U:\Shorts\Rifftrax - Why Vandalism.avi","","IMDb lookup failed: IMDb search returned no tt id for query: RifftraxWhyVandalism"
"2026-03-19T14:07:58.3142684-06:00","skip","movie","U:\Shorts\Rifftrax - Williams Doll.mpg","","IMDb lookup failed: IMDb search returned no tt id for query: RifftraxWilliamsDoll"
"2026-03-19T14:07:59.3268453-06:00","skip","movie","U:\Shorts\Rifftrax - Wing Claw Fang.mpg","","IMDb lookup failed: IMDb search returned no tt id for query: RifftraxWingClawFang"
"2026-03-19T14:08:00.2270243-06:00","skip","movie","U:\Shorts\Rifftrax - You Can Do Something About Acne.mpg","","IMDb lookup failed: IMDb search returned no tt id for query: RifftraxYouCanDoSomethingAboutAcne"
"2026-03-19T14:08:01.3414839-06:00","skip","movie","U:\Shorts\Rifftrax - Zoology-Pigs.mpg","","IMDb lookup failed: IMDb search returned no tt id for query: RifftraxZoologyPigs"
"2026-03-19T14:08:02.0539253-06:00","skip","movie","U:\Shorts\RiffTrax-Villains.mpg","","IMDb lookup failed: IMDb search returned no tt id for query: RiffTraxVillains"
"2026-03-19T14:08:02.8459822-06:00","skip","movie","U:\Shorts\RiffTraxLive - HalloweenParty.mp4","","IMDb lookup failed: IMDb search returned no tt id for query: RiffTraxLiveHalloweenParty"
"2026-03-19T14:08:03.7024378-06:00","skip","movie","U:\Shorts\SafeLivingAtSchool.mpeg","","IMDb lookup failed: IMDb search returned no tt id for query: SafeLivingAtSchool"
"2026-03-19T14:08:04.5054302-06:00","skip","movie","U:\Shorts\SafetyWoman-InDangerOutOfDoors.mpeg","","IMDb lookup failed: IMDb search returned no tt id for query: SafetyWomanInDangerOutOfDoors"
"2026-03-19T14:08:05.3669330-06:00","skip","movie","U:\Shorts\SailingAToyBoat.wmv","","IMDb lookup failed: IMDb search returned no tt id for query: SailingAToyBoat"
"2026-03-19T14:08:06.3938143-06:00","skip","movie","U:\Shorts\SeniorPower.mp4","","IMDb lookup failed: IMDb search returned no tt id for query: SeniorPower"
"2026-03-19T14:08:07.3009075-06:00","skip","movie","U:\Shorts\SettingUpARoom.wmv","","IMDb lookup failed: IMDb search returned no tt id for query: SettingUpARoom"
"2026-03-19T14:08:08.0479047-06:00","skip","movie","U:\Shorts\ShapesWeLiveWith.mp4","","IMDb lookup failed: IMDb search returned no tt id for query: ShapesWeLiveWith"
"2026-03-19T14:08:08.9687590-06:00","skip","movie","U:\Shorts\Shorts vol 1 - Rifftrax.avi","","IMDb lookup failed: IMDb search returned no tt id for query: S h o r t s v o l 1"
"2026-03-19T14:08:10.6648372-06:00","skip","movie","U:\Shorts\StartingSchool.mp4","","IMDb lookup failed: IMDb search returned no tt id for query: StartingSchool"
"2026-03-19T14:08:11.5793591-06:00","skip","movie","U:\Shorts\Story-Telling-CanYouTellItInOrder.mpeg","","IMDb lookup failed: IMDb search returned no tt id for query: StoryTellingCanYouTellItInOrder"
"2026-03-19T14:08:12.4155356-06:00","skip","movie","U:\Shorts\StudySkills-VerbalCommunication.mp4","","IMDb lookup failed: IMDb search returned no tt id for query: StudySkillsVerbalCommunication"
"2026-03-19T14:08:13.2749700-06:00","skip","movie","U:\Shorts\TheMythsOfShoplifting.mp4","","IMDb lookup failed: IMDb search returned no tt id for query: TheMythsOfShoplifting"
"2026-03-19T14:08:14.0631816-06:00","skip","movie","U:\Shorts\TheNightDraculaSavedTheWorld.mp4","","IMDb lookup failed: IMDb search returned no tt id for query: TheNightDraculaSavedTheWorld"
"2026-03-19T14:08:15.5214993-06:00","skip","movie","U:\Shorts\TheRedHen.wmv","","IMDb lookup failed: IMDb search returned no tt id for query: TheRedHen"
"2026-03-19T14:08:16.7763115-06:00","skip","movie","U:\Shorts\TheToymaker.mpg","","IMDb lookup failed: IMDb search returned no tt id for query: TheToymaker"
"2026-03-19T14:08:17.6830025-06:00","skip","movie","U:\Shorts\ThisIsHormel.mp4","","IMDb lookup failed: IMDb search returned no tt id for query: ThisIsHormel"
"2026-03-19T14:08:18.7533735-06:00","skip","movie","U:\Shorts\TinyAstronaut.mp4","","IMDb lookup failed: IMDb search returned no tt id for query: TinyAstronaut"
"2026-03-19T14:08:19.5556809-06:00","skip","movie","U:\Shorts\ToesTellWhoseShoes.mp4","","IMDb lookup failed: IMDb search returned no tt id for query: ToesTellWhoseShoes"
"2026-03-19T14:08:20.4150983-06:00","skip","movie","U:\Shorts\TommysDay.mp4","","IMDb lookup failed: IMDb search returned no tt id for query: TommysDay"
"2026-03-19T14:08:22.5152688-06:00","skip","movie","U:\Shorts\ToothTruth.wmv","","IMDb lookup failed: IMDb search returned no tt id for query: ToothTruth"
"2026-03-19T14:08:24.0599576-06:00","skip","movie","U:\Shorts\TotalRiffOffEp4ManVMonster.mp4","","IMDb lookup failed: IMDb search returned no tt id for query: T o t a l R i f f O f f E p4M a n V M o n s t e r"
"2026-03-19T14:08:25.8964259-06:00","skip","movie","U:\Shorts\TotalRiffOffEp5AimalsBehavingBadly.mp4","","IMDb lookup failed: IMDb search returned no tt id for query: T o t a l R i f f O f f E p5A i m a l s B e h a v i n g B a d l y"
"2026-03-19T14:08:26.9874376-06:00","skip","movie","U:\Shorts\TripToTheMoon_Tablet.mp4","","IMDb lookup failed: IMDb search returned no tt id for query: TripToTheMoon"
"2026-03-19T14:08:28.3740008-06:00","skip","movie","U:\Shorts\UntoTheLeastOfThese.wmv","","IMDb lookup failed: IMDb search returned no tt id for query: UntoTheLeastOfThese"
"2026-03-19T14:08:29.1761152-06:00","skip","movie","U:\Shorts\Values-UnderstandingOurselves.wmv","","IMDb lookup failed: IMDb search returned no tt id for query: ValuesUnderstandingOurselves"
"2026-03-19T14:08:30.5635318-06:00","skip","movie","U:\Shorts\VisionInTheForest.mpeg","","IMDb lookup failed: IMDb search returned no tt id for query: VisionInTheForest"
"2026-03-19T14:08:31.4119202-06:00","skip","movie","U:\Shorts\VisionInTheForest.wmv","","IMDb lookup failed: IMDb search returned no tt id for query: VisionInTheForest"
"2026-03-19T14:08:32.5310220-06:00","skip","movie","U:\Shorts\WalkingToSchool.wmv","","IMDb lookup failed: IMDb search returned no tt id for query: WalkingToSchool"
"2026-03-19T14:08:33.6623825-06:00","skip","movie","U:\Shorts\WartyTheToad.mp4","","IMDb lookup failed: IMDb search returned no tt id for query: WartyTheToad"
"2026-03-19T14:08:34.7732673-06:00","skip","movie","U:\Shorts\WeDiscoverThedictionary.wmv","","IMDb lookup failed: IMDb search returned no tt id for query: WeDiscoverThedictionary"
"2026-03-19T14:08:35.7766325-06:00","skip","movie","U:\Shorts\WelcomeBackNorman.mpg","","IMDb lookup failed: IMDb search returned no tt id for query: WelcomeBackNorman"
"2026-03-19T14:08:37.1141136-06:00","skip","movie","U:\Shorts\WhatArelettersFor.wmv","","IMDb lookup failed: IMDb search returned no tt id for query: WhatArelettersFor"
"2026-03-19T14:08:38.4411935-06:00","skip","movie","U:\Shorts\WhatIsNothing.avi","","IMDb lookup failed: IMDb search returned no tt id for query: WhatIsNothing"
"2026-03-19T14:08:39.4395679-06:00","skip","movie","U:\Shorts\WhatMakesThingsFloat.wmv","","IMDb lookup failed: IMDb search returned no tt id for query: WhatMakesThingsFloat"
"2026-03-19T14:08:41.6163681-06:00","skip","movie","U:\Shorts\WhenShouldGrownupsStopFights.mpeg","","IMDb lookup failed: IMDb search returned no tt id for query: WhenShouldGrownupsStopFights"
"2026-03-19T14:08:43.1296869-06:00","skip","movie","U:\Shorts\WilliamFromGeorgiaToHarlem.mp4","","IMDb lookup failed: IMDb search returned no tt id for query: WilliamFromGeorgiaToHarlem"
"2026-03-19T14:08:44.2850737-06:00","skip","movie","U:\Shorts\WillyWhistle.mp4","","IMDb lookup failed: IMDb search returned no tt id for query: WillyWhistle"
"2026-03-19T14:08:45.6241643-06:00","skip","movie","U:\Shorts\WithAnAllstarCast.mp4","","IMDb lookup failed: IMDb search returned no tt id for query: WithAnAllstarCast"
"2026-03-19T14:08:46.3797297-06:00","skip","movie","U:\Shorts\YouCanDoSomethingAboutAcne.mpg","","IMDb lookup failed: IMDb search returned no tt id for query: YouCanDoSomethingAboutAcne"
"2026-03-19T14:08:47.5884229-06:00","skip","movie","U:\Shorts\YoureTheJudge.mpeg","","IMDb lookup failed: IMDb search returned no tt id for query: YoureTheJudge"
"2026-03-19T14:08:48.4331459-06:00","skip","movie","U:\Shorts\Batman Shorts\Batman and Robin 1 - Batman Takes Over.mpeg","","IMDb lookup failed: IMDb search returned no tt id for query: B a t m a n a n d R o b i n 1 B a t m a n T a k e s O v e r"
"2026-03-19T14:08:50.1893749-06:00","skip","movie","U:\Shorts\Batman Shorts\Batman and Robin 10 - Batmans Last Chance.mp4","","IMDb lookup failed: IMDb search returned no tt id for query: B a t m a n a n d R o b i n 10 B a t m a n s L a s t C h a n c e"
"2026-03-19T14:08:51.0782999-06:00","skip","movie","U:\Shorts\Batman Shorts\Batman and Robin 11 - Batman-Robins Ruse.mp4","","IMDb lookup failed: IMDb search returned no tt id for query: B a t m a n a n d R o b i n 11 B a t m a n R o b i n s R u s e"
"2026-03-19T14:08:52.7115835-06:00","skip","movie","U:\Shorts\Batman Shorts\Batman and Robin 12 - Robin Rides the Wind.mp4","","IMDb lookup failed: IMDb search returned no tt id for query: B a t m a n a n d R o b i n 12 R o b i n R i d e s t h e W i n d"
"2026-03-19T14:08:54.3530474-06:00","skip","movie","U:\Shorts\Batman Shorts\Batman and Robin 13 - The Wizards Challenge.mp4","","IMDb lookup failed: IMDb search returned no tt id for query: B a t m a n a n d R o b i n 13 T h e W i z a r d s C h a l l e n g e"
"2026-03-19T14:08:55.9157768-06:00","skip","movie","U:\Shorts\Batman Shorts\Batman and Robin 14 - Batman Vs The Wizard.mp4","","IMDb lookup failed: IMDb search returned no tt id for query: B a t m a n a n d R o b i n 14 B a t m a n V s T h e W i z a r d"
"2026-03-19T14:08:57.7417132-06:00","skip","movie","U:\Shorts\Batman Shorts\Batman and Robin 15 - Batman Victorious.mp4","","IMDb lookup failed: IMDb search returned no tt id for query: B a t m a n a n d R o b i n 15 B a t m a n V i c t o r i o u s"
"2026-03-19T14:08:58.9788725-06:00","skip","movie","U:\Shorts\Batman Shorts\Batman and Robin 2 - Tunnel of Terror.mpeg","","IMDb lookup failed: IMDb search returned no tt id for query: B a t m a n a n d R o b i n 2 T u n n e l o f T e r r o r"
"2026-03-19T14:09:00.8586903-06:00","skip","movie","U:\Shorts\Batman Shorts\Batman and Robin 3 -Robin's Wild Ride.mpeg","","IMDb lookup failed: IMDb search returned no tt id for query: B a t m a n a n d R o b i n 3 R o b i n's W i l d R i d e"
"2026-03-19T14:09:02.4274959-06:00","skip","movie","U:\Shorts\Batman Shorts\Batman and Robin 4 - Batman Trapped.mpeg","","IMDb lookup failed: IMDb search returned no tt id for query: B a t m a n a n d R o b i n 4 B a t m a n T r a p p e d"
"2026-03-19T14:09:03.6981485-06:00","skip","movie","U:\Shorts\Batman Shorts\Batman and Robin 5 - Robin Rescues Batman.mpeg","","IMDb lookup failed: IMDb search returned no tt id for query: B a t m a n a n d R o b i n 5 R o b i n R e s c u e s B a t m a n"
"2026-03-19T14:09:05.2331091-06:00","skip","movie","U:\Shorts\Batman Shorts\Batman and Robin 6 - Target - Robin.mpeg","","IMDb lookup failed: IMDb search returned no tt id for query: B a t m a n a n d R o b i n 6 T a r g e t R o b i n"
"2026-03-19T14:09:06.7756790-06:00","skip","movie","U:\Shorts\Batman Shorts\Batman and Robin 7 - The Fatal Blast.mpeg","","IMDb lookup failed: IMDb search returned no tt id for query: B a t m a n a n d R o b i n 7 T h e F a t a l B l a s t"
"2026-03-19T14:09:08.1953644-06:00","skip","movie","U:\Shorts\Batman Shorts\Batman and Robin 8 - Robin Meets the Wizard.mpeg","","IMDb lookup failed: IMDb search returned no tt id for query: B a t m a n a n d R o b i n 8 R o b i n M e e t s t h e W i z a r d"
"2026-03-19T14:09:09.4509128-06:00","skip","movie","U:\Shorts\Batman Shorts\Batman and Robin 9 - The Wizard Strikes Back.mp4","","IMDb lookup failed: IMDb search returned no tt id for query: B a t m a n a n d R o b i n 9 T h e W i z a r d S t r i k e s B a c k"
"2026-03-19T14:09:10.4556937-06:00","skip","movie","U:\Shorts\RiffTrax - Shorts volume 2\Rifftrax - Are All People The Same.mpg","","IMDb lookup failed: IMDb search returned no tt id for query: RifftraxAreAllPeopleTheSame"
"2026-03-19T14:09:11.2003626-06:00","skip","movie","U:\Shorts\RiffTrax - Shorts volume 2\Rifftrax - Bill Of Rights.mpg","","IMDb lookup failed: IMDb search returned no tt id for query: RifftraxBillOfRights"
"2026-03-19T14:09:12.0850618-06:00","skip","movie","U:\Shorts\RiffTrax - Shorts volume 2\Rifftrax - Cooking Terms.mpg","","IMDb lookup failed: IMDb search returned no tt id for query: RifftraxCookingTerms"
"2026-03-19T14:09:12.7654899-06:00","skip","movie","U:\Shorts\RiffTrax - Shorts volume 2\Rifftrax - Cops Who Needs Them.mpg","","IMDb lookup failed: IMDb search returned no tt id for query: RifftraxCopsWhoNeedsThem"
"2026-03-19T14:09:13.5678881-06:00","skip","movie","U:\Shorts\RiffTrax - Shorts volume 2\Rifftrax - Dont Be A Bloody Idiot.mpg","","IMDb lookup failed: IMDb search returned no tt id for query: RifftraxDontBeABloodyIdiot"
"2026-03-19T14:09:14.4841838-06:00","skip","movie","U:\Shorts\RiffTrax - Shorts volume 2\Rifftrax - Fad Diet Circus.mpg","","IMDb lookup failed: IMDb search returned no tt id for query: RifftraxFadDietCircus"
"2026-03-19T14:09:15.1778008-06:00","skip","movie","U:\Shorts\RiffTrax - Shorts volume 2\Rifftrax - Family Teamwork.mpg","","IMDb lookup failed: IMDb search returned no tt id for query: RifftraxFamilyTeamwork"
"2026-03-19T14:09:16.8589250-06:00","skip","movie","U:\Shorts\RiffTrax - Shorts volume 2\Rifftrax - Highway Mania.mpg","","IMDb lookup failed: IMDb search returned no tt id for query: RifftraxHighwayMania"
"2026-03-19T14:09:17.5377974-06:00","skip","movie","U:\Shorts\RiffTrax - Shorts volume 2\Rifftrax - Magical Disappearing Money.mpg","","IMDb lookup failed: IMDb search returned no tt id for query: RifftraxMagicalDisappearingMoney"
"2026-03-19T14:09:18.3997567-06:00","skip","movie","U:\Shorts\RiffTrax - Shorts volume 2\Rifftrax - Monkey See Monkey Do.mpg","","IMDb lookup failed: IMDb search returned no tt id for query: RifftraxMonkeySeeMonkeyDo"
"2026-03-19T14:09:19.0800768-06:00","skip","movie","U:\Shorts\RiffTrax - Shorts volume 2\Rifftrax - Moose Baby.mpg","","IMDb lookup failed: IMDb search returned no tt id for query: RifftraxMooseBaby"
"2026-03-19T14:09:19.7466609-06:00","skip","movie","U:\Shorts\RiffTrax - Shorts volume 2\Rifftrax - More Dangerous Than Dynamite.mpg","","IMDb lookup failed: IMDb search returned no tt id for query: RifftraxMoreDangerousThanDynamite"
"2026-03-19T14:09:20.8664529-06:00","skip","movie","U:\Shorts\RiffTrax - Shorts volume 2\Rifftrax - Overcoming Fear.mpg","","IMDb lookup failed: IMDb search returned no tt id for query: RifftraxOvercomingFear"
"2026-03-19T14:09:21.6846556-06:00","skip","movie","U:\Shorts\RiffTrax - Shorts volume 2\Rifftrax - Shake Hands With Danger.mpg","","IMDb lookup failed: IMDb search returned no tt id for query: RifftraxShakeHandsWithDanger"
"2026-03-19T14:09:22.6041033-06:00","skip","movie","U:\Shorts\RiffTrax - Shorts volume 2\Rifftrax - Things Are Different Now.mpg","","IMDb lookup failed: IMDb search returned no tt id for query: RifftraxThingsAreDifferentNow"
"2026-03-19T14:09:23.6109440-06:00","skip","movie","U:\Shorts\RiffTrax - Shorts volume 2\Rifftrax - Watch Out For My Plant.mpg","","IMDb lookup failed: IMDb search returned no tt id for query: RifftraxWatchOutForMyPlant"
"2026-03-19T14:09:24.3851351-06:00","skip","movie","U:\Shorts\RiffTrax - Shorts volume 2\Rifftrax - What If We Had A Fire.mpg","","IMDb lookup failed: IMDb search returned no tt id for query: RifftraxWhatIfWeHadAFire"
"2026-03-19T14:09:25.1808768-06:00","skip","movie","U:\Shorts\RiffTrax - Shorts volume 2\Rifftrax - Whatever The Weather.mpg","","IMDb lookup failed: IMDb search returned no tt id for query: RifftraxWhateverTheWeather"
"2026-03-19T14:09:26.0627172-06:00","skip","movie","U:\Shorts\RiffTrax - Shorts volume 2\Rifftrax - Williams Doll.mpg","","IMDb lookup failed: IMDb search returned no tt id for query: RifftraxWilliamsDoll"
"2026-03-19T14:09:26.8217181-06:00","skip","movie","U:\Shorts\RiffTrax - Shorts volume 2\Rifftrax - Wing Claw Fang.mpg","","IMDb lookup failed: IMDb search returned no tt id for query: RifftraxWingClawFang"
"2026-03-19T14:09:27.5646588-06:00","skip","movie","U:\Shorts\RiffTrax - Shorts volume 2\Rifftrax - You Can Do Something About Acne.mpg","","IMDb lookup failed: IMDb search returned no tt id for query: RifftraxYouCanDoSomethingAboutAcne"
"2026-03-19T14:09:28.4569915-06:00","skip","movie","U:\Shorts\RiffTrax - Shorts volume 2\Rifftrax - Zoology-Pigs.mpg","","IMDb lookup failed: IMDb search returned no tt id for query: RifftraxZoologyPigs"
"2026-03-19T14:09:30.0016168-06:00","skip","movie","U:\VOD\Aladdin.mp4","","IMDb lookup failed: IMDb search returned no tt id for query: Aladdin"
"2026-03-19T14:09:30.8630231-06:00","skip","movie","U:\VOD\AtomAgeVampire.mp4","","IMDb lookup failed: IMDb search returned no tt id for query: AtomAgeVampire"
"2026-03-19T14:09:32.2220521-06:00","skip","movie","U:\VOD\AttackOfThePuppetPeople.mp4","","IMDb lookup failed: IMDb search returned no tt id for query: AttackOfThePuppetPeople"
"2026-03-19T14:09:33.6374720-06:00","skip","movie","U:\VOD\AttackOfTheSuperMonsters.mp4","","IMDb lookup failed: IMDb search returned no tt id for query: AttackOfTheSuperMonsters"
"2026-03-19T14:09:35.1970919-06:00","skip","movie","U:\VOD\BermudaTriangle.mpeg","","IMDb lookup failed: IMDb search returned no tt id for query: BermudaTriangle"
"2026-03-19T14:09:36.2080579-06:00","skip","movie","U:\VOD\BestOfRiffTrax-Villains.mp4","","IMDb lookup failed: IMDb search returned no tt id for query: BestOfRiffTraxVillains"
"2026-03-19T14:09:37.8135624-06:00","skip","movie","U:\VOD\Birdemic - Rifftrax.avi","","IMDb lookup failed: IMDb search returned no tt id for query: Birdemic"
"2026-03-19T14:09:39.0369637-06:00","skip","movie","U:\VOD\BloodyPitOfHorror.mpeg","","IMDb lookup failed: IMDb search returned no tt id for query: BloodyPitOfHorror"
"2026-03-19T14:09:40.6064503-06:00","skip","movie","U:\VOD\BrideAndTheBeast.mp4","","IMDb lookup failed: IMDb search returned no tt id for query: BrideAndTheBeast"
"2026-03-19T14:09:41.9249506-06:00","skip","movie","U:\VOD\BuffaloRider.wmv","","IMDb lookup failed: IMDb search returned no tt id for query: BuffaloRider"
"2026-03-19T14:09:43.4597862-06:00","skip","movie","U:\VOD\CityOfTheDead.mp4","","IMDb lookup failed: IMDb search returned no tt id for query: CityOfTheDead"
"2026-03-19T14:09:44.6497423-06:00","skip","movie","U:\VOD\CoolAsIce_HD.mp4","","IMDb lookup failed: IMDb search returned no tt id for query: CoolAsIceHD"
"2026-03-19T14:09:46.0700847-06:00","skip","movie","U:\VOD\Crater Lake Monster - Rifftrax.mp4","","IMDb lookup failed: IMDb search returned no tt id for query: CraterLakeMonster"
"2026-03-19T14:09:47.3172753-06:00","skip","movie","U:\VOD\CurseOfBigfoot.mpg","","IMDb lookup failed: IMDb search returned no tt id for query: CurseOfBigfoot"
"2026-03-19T14:09:48.5608957-06:00","skip","movie","U:\VOD\CyborgCop2.mp4","","IMDb lookup failed: IMDb search returned no tt id for query: C y b o r g C o p2"
"2026-03-19T14:09:50.2584404-06:00","skip","movie","U:\VOD\Dinosaurus.mp4","","IMDb lookup failed: IMDb search returned no tt id for query: Dinosaurus"
"2026-03-19T14:09:51.7893378-06:00","skip","movie","U:\VOD\DoubleDragon.mp4","","IMDb lookup failed: IMDb search returned no tt id for query: DoubleDragon"
"2026-03-19T14:09:53.3804926-06:00","skip","movie","U:\VOD\EarthAngel.mp4","","IMDb lookup failed: IMDb search returned no tt id for query: EarthAngel"
"2026-03-19T14:09:54.6083142-06:00","skip","movie","U:\VOD\FairyKingOfAr.mp4","","IMDb lookup failed: IMDb search returned no tt id for query: FairyKingOfAr"
"2026-03-19T14:09:56.3874087-06:00","skip","movie","U:\VOD\FangsOfTheLivingDead.mp4","","IMDb lookup failed: IMDb search returned no tt id for query: FangsOfTheLivingDead"
"2026-03-19T14:09:59.5230304-06:00","skip","movie","U:\VOD\FightToWin.mp4","","IMDb lookup failed: IMDb search returned no tt id for query: FightToWin"
"2026-03-19T14:10:01.0693693-06:00","skip","movie","U:\VOD\FistOfFury.mp4","","IMDb lookup failed: IMDb search returned no tt id for query: FistOfFury"
"2026-03-19T14:10:02.5789951-06:00","skip","movie","U:\VOD\FrankensteinIsland.mpg","","IMDb lookup failed: IMDb search returned no tt id for query: FrankensteinIsland"
"2026-03-19T14:10:03.6941724-06:00","skip","movie","U:\VOD\Fun in Baloonland.mp4","","IMDb lookup failed: IMDb search returned no tt id for query: FuninBaloonland"
"2026-03-19T14:10:05.3080008-06:00","skip","movie","U:\VOD\FutureForce.mpeg","","IMDb lookup failed: IMDb search returned no tt id for query: FutureForce"
"2026-03-19T14:10:06.3202759-06:00","skip","movie","U:\VOD\FutureZone_iPad.mp4","","IMDb lookup failed: IMDb search returned no tt id for query: FutureZoneiPad"
"2026-03-19T14:10:07.5528960-06:00","skip","movie","U:\VOD\GammeraTheInvincible.mp4","","IMDb lookup failed: IMDb search returned no tt id for query: GammeraTheInvincible"
"2026-03-19T14:10:08.9809116-06:00","skip","movie","U:\VOD\GhostHouse.wmv","","IMDb lookup failed: IMDb search returned no tt id for query: GhostHouse"
"2026-03-19T14:10:10.5761667-06:00","skip","movie","U:\VOD\GiantFromTheUnknown.mp4","","IMDb lookup failed: IMDb search returned no tt id for query: GiantFromTheUnknown"
"2026-03-19T14:10:11.8639096-06:00","skip","movie","U:\VOD\GumbyTheMovie.mp4","","IMDb lookup failed: IMDb search returned no tt id for query: GumbyTheMovie"
"2026-03-19T14:10:13.2412168-06:00","skip","movie","U:\VOD\Guy From Harlem.mp4","","IMDb lookup failed: IMDb search returned no tt id for query: GuyFromHarlem"
"2026-03-19T14:10:14.4538544-06:00","skip","movie","U:\VOD\HawktheSlayer_highTV.mp4","","IMDb lookup failed: IMDb search returned no tt id for query: HawktheSlayer"
"2026-03-19T14:10:15.4356878-06:00","skip","movie","U:\VOD\HawktheSlayer.mp4","","IMDb lookup failed: IMDb search returned no tt id for query: HawktheSlayer"
"2026-03-19T14:10:16.8978550-06:00","skip","movie","U:\VOD\Jaws 3D - Rifftrax Presents.m4v","","IMDb lookup failed: IMDb search returned no tt id for query: J a w s 3D R i f f t r a x P r e s e n t s"
"2026-03-19T14:10:18.5983830-06:00","skip","movie","U:\VOD\KarateCop.mp4","","IMDb lookup failed: IMDb search returned no tt id for query: KarateCop"
"2026-03-19T14:10:19.7938601-06:00","skip","movie","U:\VOD\KillAndKillAgain.mp4","","IMDb lookup failed: IMDb search returned no tt id for query: KillAndKillAgain"
"2026-03-19T14:10:21.0662791-06:00","skip","movie","U:\VOD\KillersFromSpace.mp4","","IMDb lookup failed: IMDb search returned no tt id for query: KillersFromSpace"
"2026-03-19T14:10:22.1740385-06:00","skip","movie","U:\VOD\Ladyhawke.mp4","","IMDb lookup failed: IMDb search returned no tt id for query: Ladyhawke"
"2026-03-19T14:10:23.3724295-06:00","skip","movie","U:\VOD\LycanColony.mp4","","IMDb lookup failed: IMDb search returned no tt id for query: LycanColony"
"2026-03-19T14:10:24.7885369-06:00","skip","movie","U:\VOD\McBain.mpeg","","IMDb lookup failed: IMDb search returned no tt id for query: McBain"
"2026-03-19T14:10:26.0279402-06:00","skip","movie","U:\VOD\Merlin-TheReturn.mp4","","IMDb lookup failed: IMDb search returned no tt id for query: MerlinTheReturn"
"2026-03-19T14:10:27.1327984-06:00","skip","movie","U:\VOD\MesaOfLostWomen_iPad.mp4","","IMDb lookup failed: IMDb search returned no tt id for query: MesaOfLostWomeniPad"
"2026-03-19T14:10:28.4438468-06:00","skip","movie","U:\VOD\Missile to the Moon - Rifftrax.avi","","IMDb lookup failed: IMDb search returned no tt id for query: MissiletotheMoon"
"2026-03-19T14:10:29.1575070-06:00","skip","movie","U:\VOD\Money.Plane.2020.1080p.Rifftrax.6ch.x265.HEVC.mkv","","IMDb lookup failed: IMDb search returned no tt id for query: M o n e y P l a n e 2020 1080p R i f f t r a x 6c h x265 H E V C"
"2026-03-19T14:10:30.0257167-06:00","skip","movie","U:\VOD\Mothra.1961.1080p.Rifftrax.2ch.x264.mkv","","IMDb lookup failed: IMDb search returned no tt id for query: M o t h r a 1961 1080p R i f f t r a x 2c h x264"
"2026-03-19T14:10:31.3050918-06:00","skip","movie","U:\VOD\Mutant.mpg","","IMDb lookup failed: IMDb search returned no tt id for query: Mutant"
"2026-03-19T14:10:32.7504000-06:00","skip","movie","U:\VOD\Neutron.mpeg","","IMDb lookup failed: IMDb search returned no tt id for query: Neutron"
"2026-03-19T14:10:34.2848496-06:00","skip","movie","U:\VOD\Nightmare At Noon.mpeg","","IMDb lookup failed: IMDb search returned no tt id for query: NightmareAtNoon"
"2026-03-19T14:10:35.5081897-06:00","skip","movie","U:\VOD\Planet of Dinosaurs - Rifftrax.mkv","","IMDb lookup failed: IMDb search returned no tt id for query: PlanetofDinosaurs"
"2026-03-19T14:10:36.7005849-06:00","skip","movie","U:\VOD\Pressure Point - RiffTrax.mp4","","IMDb lookup failed: IMDb search returned no tt id for query: PressurePoint"
"2026-03-19T14:10:37.6186080-06:00","skip","movie","U:\VOD\PrisonersOfTheLostUniverse.mp4","","IMDb lookup failed: IMDb search returned no tt id for query: PrisonersOfTheLostUniverse"
"2026-03-19T14:10:38.9423722-06:00","skip","movie","U:\VOD\Replica.mp4","","IMDb lookup failed: IMDb search returned no tt id for query: Replica"
"2026-03-19T14:10:40.4511579-06:00","skip","movie","U:\VOD\RevengeOfDrX.mpeg","","IMDb lookup failed: IMDb search returned no tt id for query: RevengeOfDrX"
"2026-03-19T14:10:41.6855095-06:00","skip","movie","U:\VOD\RiffTrax-90sInternetSpecial.mpg","","IMDb lookup failed: IMDb search returned no tt id for query: R i f f T r a x 90s I n t e r n e t S p e c i a l"
"2026-03-19T14:10:42.8338040-06:00","skip","movie","U:\VOD\RobotMonster.mp4","","IMDb lookup failed: IMDb search returned no tt id for query: RobotMonster"
"2026-03-19T14:10:44.1974216-06:00","skip","movie","U:\VOD\Rollergator.mp4","","IMDb lookup failed: IMDb search returned no tt id for query: Rollergator"
"2026-03-19T14:10:45.3796382-06:00","skip","movie","U:\VOD\ROTOR.mp4","","IMDb lookup failed: IMDb search returned no tt id for query: ROTOR"
"2026-03-19T14:10:46.6315920-06:00","skip","movie","U:\VOD\SistersOfDeath.mp4","","IMDb lookup failed: IMDb search returned no tt id for query: SistersOfDeath"
"2026-03-19T14:10:47.7514791-06:00","skip","movie","U:\VOD\SorcerersApprentice.mp4","","IMDb lookup failed: IMDb search returned no tt id for query: SorcerersApprentice"
"2026-03-19T14:10:48.7441967-06:00","skip","movie","U:\VOD\Stargames 1998 WEB x264-RiffTrax.MP4","","IMDb lookup failed: IMDb search returned no tt id for query: S t a r g a m e s 1998 W E B x264"
"2026-03-19T14:10:49.8310794-06:00","skip","movie","U:\VOD\Street.Fighter.1994.1080p.Rifftrax.6ch.x265.HEVC.mkv","","IMDb lookup failed: IMDb search returned no tt id for query: S t r e e t F i g h t e r 1994 1080p R i f f t r a x 6c h x265 H E V C"
"2026-03-19T14:10:51.2614937-06:00","skip","movie","U:\VOD\SuperMarioBros.mp4","","IMDb lookup failed: IMDb search returned no tt id for query: SuperMarioBros"
"2026-03-19T14:10:52.6144445-06:00","skip","movie","U:\VOD\TheBeastOfTheYellowNight.mp4","","IMDb lookup failed: IMDb search returned no tt id for query: TheBeastOfTheYellowNight"
"2026-03-19T14:10:54.5003095-06:00","skip","movie","U:\VOD\TheDark.mp4","","IMDb lookup failed: IMDb search returned no tt id for query: TheDark"
"2026-03-19T14:10:55.8858382-06:00","skip","movie","U:\VOD\TheDevilsHand_high.mp4","","IMDb lookup failed: IMDb search returned no tt id for query: TheDevilsHand"
"2026-03-19T14:10:57.1464736-06:00","skip","movie","U:\VOD\TheLastSlumberParty.mp4","","IMDb lookup failed: IMDb search returned no tt id for query: TheLastSlumberParty"
"2026-03-19T14:10:58.5283629-06:00","skip","movie","U:\VOD\TouristTrap.mpeg","","IMDb lookup failed: IMDb search returned no tt id for query: TouristTrap"
"2026-03-19T14:10:59.7952552-06:00","skip","movie","U:\VOD\WarriorsOfTheWasteland.mp4","","IMDb lookup failed: IMDb search returned no tt id for query: WarriorsOfTheWasteland"
"2026-03-19T14:11:00.6557214-06:00","skip","movie","U:\VOD\WhenAStrangerCallsBack_iPad.mp4","","IMDb lookup failed: IMDb search returned no tt id for query: WhenAStrangerCallsBackiPad"
"2026-03-19T14:11:01.7773329-06:00","skip","movie","U:\VOD\WonderfulLandOfOz.mp4","","IMDb lookup failed: IMDb search returned no tt id for query: WonderfulLandOfOz"
"2026-03-19T14:11:03.0000285-06:00","skip","movie","U:\VOD\YorHunterFromTheFuture.mp4","","IMDb lookup failed: IMDb search returned no tt id for query: YorHunterFromTheFuture"
"2026-03-19T14:11:04.5205297-06:00","skip","movie","U:\VOD\ZindyTheSwampBoy.mp4","","IMDb lookup failed: IMDb search returned no tt id for query: ZindyTheSwampBoy"
"2026-03-19T14:11:05.9769908-06:00","skip","movie","U:\VOD\ZombieNightmare.mp4","","IMDb lookup failed: IMDb search returned no tt id for query: ZombieNightmare"
"2026-03-19T14:11:06.0741460-06:00","skip","tv","U:\Combined\TV\Heroes s01e01.mkv","U:\.\Combined\TV\TV\Season 01\TV - S01E01.mkv","Destination conflict: loser kept unchanged (smaller file size)"
"2026-03-19T14:11:06.1035665-06:00","skip","tv","U:\Combined\TV\Stranger Things s01e01 2016 HEVC.mkv","U:\.\Combined\TV\TV\Season 01\TV - S01E01.mkv","Destination conflict: loser kept unchanged (smaller file size)"
"2026-03-19T14:11:06.1571641-06:00","skip","tv","U:\Combined\TV\Star Trek\Season 04\Star Trek - S04E03.mkv","U:\.\Combined\TV\Star Trek\Season 04\Star Trek - S04E03.mkv","Destination already exists; skipping to avoid overwrite"
"2026-03-19T14:11:06.2018773-06:00","skip","tv","U:\Combined\TV\TV\Season 01\TV - S01E01.mkv","U:\.\Combined\TV\TV\Season 01\TV - S01E01.mkv","Destination already exists; skipping to avoid overwrite"
"2026-03-19T14:11:06.2550452-06:00","skip","tv","U:\Combined\TV\TV\Season 01\TV - S01E02.mkv","U:\.\Combined\TV\TV\Season 01\TV - S01E02.mkv","Destination already exists; skipping to avoid overwrite"
