A Badger's Bad Day (1959).mp4,A Badger's Bad Day (1959).mp4
A Case of Spring Fever (1940).mp4,A Case of Spring Fever (1940).mp4
A Day of Thanksgiving (1951).mp4,A Day of Thanksgiving (1951).mp4
A Nice Indian Boy (2024).wmv,A Nice Indian Boy (2024).wmv
A Word to the Wives (1955).mp4,A Word to the Wives (1955).mp4
AChristmasDream_high.mp4,AChristmasDream_high.mp4
Aladdin (2019).mp4,Aladdin (2019).mp4
Alcohol (2026).wmv,Alcohol (2026).wmv
Alim and His Donkey (1978).mpeg,Alim and His Donkey (1978).mpeg
Angel's Revenge (1986).mp4,Angel's Revenge (1986).mp4
Animal Homes -Rifftrax.mp4,Animal Homes -Rifftrax.mp4
Assignment_ Outer Space (1960).mp4,Assignment_ Outer Space (1960).mp4
Attack of the Puppet People (1958).mp4,Attack of the Puppet People (1958).mp4
Attack of the Super Monsters (1983).mp4,Attack of the Super Monsters (1983).mp4
AtYourFingertips-Grasses.mpeg,AtYourFingertips-Grasses.mpeg
AtYourFingertips-PlayClay.mp4,AtYourFingertips-PlayClay.mp4
BasicJobSkills-Customers.mpg,BasicJobSkills-Customers.mpg
Batman and Robin 1 - Batman Takes Over.mpeg,Batman and Robin 1 - Batman Takes Over.mpeg
Batman and Robin 10 - Batmans Last Chance.mp4,Batman and Robin 10 - Batmans Last Chance.mp4
Batman and Robin 11 - Batman-Robins Ruse.mp4,Batman and Robin 11 - Batman-Robins Ruse.mp4
Batman and Robin 12 - Robin Rides the Wind.mp4,Batman and Robin 12 - Robin Rides the Wind.mp4
Batman and Robin 13 - The Wizards Challenge.mp4,Batman and Robin 13 - The Wizards Challenge.mp4
Batman and Robin 14 - Batman Vs The Wizard.mp4,Batman and Robin 14 - Batman Vs The Wizard.mp4
Batman and Robin 15 - Batman Victorious.mp4,Batman and Robin 15 - Batman Victorious.mp4
Batman and Robin 2 - Tunnel of Terror.mpeg,Batman and Robin 2 - Tunnel of Terror.mpeg
Batman and Robin 3 -Robin's Wild Ride.mpeg,Batman and Robin 3 -Robin's Wild Ride.mpeg
Batman and Robin 4 - Batman Trapped.mpeg,Batman and Robin 4 - Batman Trapped.mpeg
Batman and Robin 5 - Robin Rescues Batman.mpeg,Batman and Robin 5 - Robin Rescues Batman.mpeg
Batman and Robin 6 - Target - Robin.mpeg,Batman and Robin 6 - Target - Robin.mpeg
Batman and Robin 7 - The Fatal Blast.mpeg,Batman and Robin 7 - The Fatal Blast.mpeg
Batman and Robin 8 - Robin Meets the Wizard.mpeg,Batman and Robin 8 - Robin Meets the Wizard.mpeg
Batman and Robin 9 - The Wizard Strikes Back.mp4,Batman and Robin 9 - The Wizard Strikes Back.mp4
Beast of the Yellow Night (1971).mp4,Beast of the Yellow Night (1971).mp4
BeginningResponsibility-BrokenBookshop.wmv,BeginningResponsibility-BrokenBookshop.wmv
"Behave, Bernard! (1983).mp4","Behave, Bernard! (1983).mp4"
BestOfRiffTrax-Villains.mp4,BestOfRiffTrax-Villains.mp4
Beyond Christmas in Color (2007).mp4,Beyond Christmas in Color (2007).mp4
Billy's Helicopter Ride (1962).mp4,Billy's Helicopter Ride (1962).mp4
Birdemic - Rifftrax.avi,Birdemic - Rifftrax.avi
Birdemic - RifftraxLive.mp4,Birdemic - RifftraxLive.mp4
Bloody Pit of Horror (1965).mpeg,Bloody Pit of Horror (1965).mpeg
BR-GettingReadyForSchool.mp4,BR-GettingReadyForSchool.mp4
Buffalo Rider (1976).wmv,Buffalo Rider (1976).wmv
Buying Food (1950).mp4,Buying Food (1950).mp4
Campbells Soup Magic Shelf.mp4,Campbells Soup Magic Shelf.mp4
Chipman Family.mpeg,Chipman Family.mpeg
Choking-ToSaveALife.mp4,Choking-ToSaveALife.mp4
Christmas Dream (2000).mpeg,Christmas Dream (2000).mpeg
Christmas Toyshop (1945).mp4,Christmas Toyshop (1945).mp4
ChristmasWithRiffTrax-MagicChristmasTree.mp4,ChristmasWithRiffTrax-MagicChristmasTree.mp4
Cindy Goes to a Party (1955).mp4,Cindy Goes to a Party (1955).mp4
City of the Living Dead (1980).mp4,City of the Living Dead (1980).mp4
Clean and Neat with Harv and Marv (1975).mp4,Clean and Neat with Harv and Marv (1975).mp4
Consuming Women (1967).mp4,Consuming Women (1967).mp4
Cooks and Chefs (1970).wmv,Cooks and Chefs (1970).wmv
CoolAsIce_HD.mp4,CoolAsIce_HD.mp4
Corky the Crow (1960).wmv,Corky the Crow (1960).wmv
County Fair (1950).wmv,County Fair (1950).wmv
Courtesy Counts a Lot (1976).mpg,Courtesy Counts a Lot (1976).mpg
Courtesy-AGoodEggsample.mpg,Courtesy-AGoodEggsample.mpg
Crater Lake Monster - Rifftrax.mp4,Crater Lake Monster - Rifftrax.mp4
Curse of Bigfoot (1975).mpg,Curse of Bigfoot (1975).mpg
Cyborg Cop (1993).mp4,Cyborg Cop (1993).mp4
Danger Keep Out! (1987).wmv,Danger Keep Out! (1987).wmv
David and Hazel_ A Story in Communication (1964).wmv,David and Hazel_ A Story in Communication (1964).wmv
Devil Girl from Mars (1954).mp4,Devil Girl from Mars (1954).mp4
Dinosaurs (2023).mpg,Dinosaurs (2023).mpg
Dinosaurus! (1960).mp4,Dinosaurus! (1960).mp4
Double Dragon (1994).mp4,Double Dragon (1994).mp4
Duck and Cover (1952).mp4,Duck and Cover (1952).mp4
Duties of a Secretary (1947).mp4,Duties of a Secretary (1947).mp4
Earth Angel.mp4,Earth Angel.mp4
Families-EarningandSpending.wmv,Families-EarningandSpending.wmv
Fangs of the Living Dead (1969).mp4,Fangs of the Living Dead (1969).mp4
FarmBabiesAndTheirMothers_iPad.mp4,FarmBabiesAndTheirMothers_iPad.mp4
Fashion Horizons (1940).mp4,Fashion Horizons (1940).mp4
Feelings-FeelingAlone.wmv,Feelings-FeelingAlone.wmv
Fight to Win (1987).mp4,Fight to Win (1987).mp4
FishThatNearlyDrowned_iPad.mp4,FishThatNearlyDrowned_iPad.mp4
Fist of Fury (1972).mp4,Fist of Fury (1972).mp4
Flash That Smile (1984).mp4,Flash That Smile (1984).mp4
FlashGordon1954_Part1.mp4,FlashGordon1954_Part1.mp4
FlashGordon_Part2.mp4,FlashGordon_Part2.mp4
Frankenstein Island (1981).mpg,Frankenstein Island (1981).mpg
Friends (1994).mp4,Friends (1994).mp4
Friends (1994).wmv,Friends (1994).wmv
From Left to Right (1989).mp4,From Left to Right (1989).mp4
Fun in Balloon Land (1965).mp4,Fun in Balloon Land (1965).mp4
Future Force (1989).mpeg,Future Force (1989).mpeg
FutureZone_iPad.mp4,FutureZone_iPad.mp4
Gammera the Invincible (1966).mp4,Gammera the Invincible (1966).mp4
Getting Angry (1966).mp4,Getting Angry (1966).mp4
Ghost House (2017).wmv,Ghost House (2017).wmv
Giant from the Unknown (1958).mp4,Giant from the Unknown (1958).mp4
"Goodbye, Weeds (1946).mpg","Goodbye, Weeds (1946).mpg"
Gumby_ The Movie (1995).mp4,Gumby_ The Movie (1995).mp4
Hangin' Out With RiffTrax_ Quiplash 10-13-21.mp4,Hangin' Out With RiffTrax_ Quiplash 10-13-21.mp4
Harry Potter and the Goblet of Fire - Rifftrax.avi,Harry Potter and the Goblet of Fire - Rifftrax.avi
Harry Potter and the Order of the Phoenix (2007).avi,Harry Potter and the Order of the Phoenix (2007).avi
Harry Potter and the Prisoner of Azkaban - Rifftrax.avi,Harry Potter and the Prisoner of Azkaban - Rifftrax.avi
Harry Potter And The Sorcerer's Stone - Rifftrax.avi,Harry Potter And The Sorcerer's Stone - Rifftrax.avi
Harry Potterand the Chamber of Secrets - RiffTrax.avi,Harry Potterand the Chamber of Secrets - RiffTrax.avi
Hawk the Slayer (1980).mp4,Hawk the Slayer (1980).mp4
HawktheSlayer_highTV.mp4,HawktheSlayer_highTV.mp4
Health-YourPosture.mp4,Health-YourPosture.mp4
How to Be Awesome at Your Job (2016).mp4,How to Be Awesome at Your Job (2016).mp4
How to Keep a Job (1949).mp4,How to Keep a Job (1949).mp4
Indiana.Jones.And.The.Raiders.Of.The.Lost.Ark.1981.1080p.Rifftrax.6ch.2ch.v2.mkv,Indiana.Jones.And.The.Raiders.Of.The.Lost.Ark.1981.1080p.Rifftrax.6ch.2ch.v2.mkv
Jack and the Beanstalk (2009).mp4,Jack and the Beanstalk (2009).mp4
Jaws 3D - Rifftrax Presents.m4v,Jaws 3D - Rifftrax Presents.m4v
Jimmy of the Safety Patrol (1950).mpeg,Jimmy of the Safety Patrol (1950).mpeg
"Join Hands, Let Go! (1969).wmv","Join Hands, Let Go! (1969).wmv"
Joy Ride (2023).mpeg,Joy Ride (2023).mpeg
Juice Escobar feat. 3rd Rell_ Deze Hoes (2014).mp4,Juice Escobar feat. 3rd Rell_ Deze Hoes (2014).mp4
Kangaroos (1953).wmv,Kangaroos (1953).wmv
Karate Cop (1991).mp4,Karate Cop (1991).mp4
Katy Wix.mp4,Katy Wix.mp4
Kill and Kill Again (1981).mp4,Kill and Kill Again (1981).mp4
Killers from Space (1954).mp4,Killers from Space (1954).mp4
King of Devil's Island (2010).mpeg,King of Devil's Island (2010).mpeg
Krull.1983.1080p.Rifftrax.6ch.x265.HEVC.mkv,Krull.1983.1080p.Rifftrax.6ch.x265.HEVC.mkv
Ladyhawke (1985).mp4,Ladyhawke (1985).mp4
Last Woman on Earth (1960).mp4,Last Woman on Earth (1960).mp4
Let's Give Kitty a Bath! (1985).mp4,Let's Give Kitty a Bath! (1985).mp4
LetsPretend-MagicSneakers.wmv,LetsPretend-MagicSneakers.wmv
Life in the Suburbs (2016).mp4,Life in the Suburbs (2016).mp4
Lilly White (2018).mp4,Lilly White (2018).mp4
Lycan Colony (2006).mp4,Lycan Colony (2006).mp4
Maintaining Classroom Discipline (1947).mpeg,Maintaining Classroom Discipline (1947).mpeg
Making Sense with Sentences (1975).mpg,Making Sense with Sentences (1975).mpg
Making Sense with Sentences (1975).wmv,Making Sense with Sentences (1975).wmv
Man v. Monster (2011).mp4,Man v. Monster (2011).mp4
Marriage Is a Partnership (1951).mp4,Marriage Is a Partnership (1951).mp4
McBain (1991).mpeg,McBain (1991).mpeg
Merlin-TheReturn.mp4,Merlin-TheReturn.mp4
MesaOfLostWomen_iPad.mp4,MesaOfLostWomen_iPad.mp4
Missile to the Moon - Rifftrax.avi,Missile to the Moon - Rifftrax.avi
Mommy's Day (1997).mp4,Mommy's Day (1997).mp4
Money.Plane.2020.1080p.Rifftrax.6ch.x265.HEVC.mkv,Money.Plane.2020.1080p.Rifftrax.6ch.x265.HEVC.mkv
"Monkey See, Monkey Do (2009).mpg","Monkey See, Monkey Do (2009).mpg"
Mothra.1961.1080p.Rifftrax.2ch.x264.mkv,Mothra.1961.1080p.Rifftrax.2ch.x264.mkv
MrBNatural_Tablet.mp4,MrBNatural_Tablet.mp4
Nestor_Tablet.mp4,Nestor_Tablet.mp4
Nightmare at Noon (1988).mpeg,Nightmare at Noon (1988).mpeg
Norman Checks In (1984).mpeg,Norman Checks In (1984).mpeg
Norman Checks In (1984).mpg,Norman Checks In (1984).mpg
Norman Gives a Speech (1989).mp4,Norman Gives a Speech (1989).mp4
NormanKrasner_Tablet.mp4,NormanKrasner_Tablet.mp4
Nutrition Nerd (2019).mpg,Nutrition Nerd (2019).mpg
Oh Boy Babies.mp4,Oh Boy Babies.mp4
On Guard - Bunco! (1974).mp4,On Guard - Bunco! (1974).mp4
On Speaking Terms (1997).mp4,On Speaking Terms (1997).mp4
"One Turkey, Two Turkey (1971).wmv","One Turkey, Two Turkey (1971).wmv"
Paper and I (1960).wmv,Paper and I (1960).wmv
Phoebe (1964).mp4,Phoebe (1964).mp4
Planet of Dinosaurs - Rifftrax.mkv,Planet of Dinosaurs - Rifftrax.mkv
Planet Outlaws (1953).mp4,Planet Outlaws (1953).mp4
Pressure Point - RiffTrax.mp4,Pressure Point - RiffTrax.mp4
Prickly the Porcupine (1955).wmv,Prickly the Porcupine (1955).wmv
Prisoners of the Lost Universe (1983).mp4,Prisoners of the Lost Universe (1983).mp4
Prom-ItsAPleasure.mp4,Prom-ItsAPleasure.mp4
Puppets (1967).mp4,Puppets (1967).mp4
Purple Death from Outer Space (1966).mp4,Purple Death from Outer Space (1966).mp4
Reading from Now On (1969).mpg,Reading from Now On (1969).mpg
Reading from Now On (1969).wmv,Reading from Now On (1969).wmv
Replica (2005).mp4,Replica (2005).mp4
Rescueman (1982).mpeg,Rescueman (1982).mpeg
rifftrax - a visit to santa .mpg,rifftrax - a visit to santa.mpg
rifftrax - Act Your Age .mpg,rifftrax - Act Your Age.mpg
Rifftrax - Alcohol Trigger Films .avi,Rifftrax - Alcohol Trigger Films.avi
Rifftrax - AquaFrolics.avi,Rifftrax - AquaFrolics.avi
Rifftrax - Are You Popular.avi,Rifftrax - Are You Popular.avi
rifftrax - Buying Food .mpg,rifftrax - Buying Food.mpg
Rifftrax - Carnivorous Plants.avi,Rifftrax - Carnivorous Plants.avi
rifftrax - Christmas Dream.avi,rifftrax - Christmas Dream.avi
rifftrax - Christmas Rhapsody.avi,rifftrax - Christmas Rhapsody.avi
rifftrax - Coffee House .mpg,rifftrax - Coffee House.mpg
rifftrax - Cork Crashes And Curiosities  .mpg,rifftrax - Cork Crashes And Curiosities.mpg
Rifftrax - Damaged Goods.mpg,Rifftrax - Damaged Goods.mpg
rifftrax - Down And Out .mpg,rifftrax - Down And Out.mpg
rifftrax - Drugs Are Like That .avi,rifftrax - Drugs Are Like That.avi
Rifftrax - Flying Stewardesses.mpg,Rifftrax - Flying Stewardesses.mpg
Rifftrax - Good Eating Habits.avi,Rifftrax - Good Eating Habits.avi
Rifftrax - Good Health Practices.avi,Rifftrax - Good Health Practices.avi
rifftrax - If Mirrors Could Speak .mpg,rifftrax - If Mirrors Could Speak.mpg
Rifftrax - It Must Be The Neighbors.avi,Rifftrax - It Must Be The Neighbors.avi
Rifftrax - Kitty Cleans Up.avi,Rifftrax - Kitty Cleans Up.avi
Rifftrax - Lunchroom Manners.avi,Rifftrax - Lunchroom Manners.avi
rifftrax - one got fat .mpg,rifftrax - one got fat.mpg
rifftrax - Parade Of Aquatic Champions.avi,rifftrax - Parade Of Aquatic Champions.avi
Rifftrax - Patriotism.avi,Rifftrax - Patriotism.avi
Rifftrax - Primary Safety In School.wmv,Rifftrax - Primary Safety In School.wmv
Rifftrax - Right or Wrong.avi,Rifftrax - Right or Wrong.avi
Rifftrax - Rudolph The Red-Nosed Reindeer.avi,Rifftrax - Rudolph The Red-Nosed Reindeer.avi
rifftrax - saftey harm hide at home .mpg,rifftrax - saftey harm hide at home.mpg
Rifftrax - Self Conscious Guy.avi,Rifftrax - Self Conscious Guy.avi
Rifftrax - Skipper Learns a Lesson.avi,Rifftrax - Skipper Learns a Lesson.avi
Rifftrax - Snap Out Of It.mpg,Rifftrax - Snap Out Of It.mpg
rifftrax - Terrible Truth .mpg,rifftrax - Terrible Truth.mpg
rifftrax - The Night Before Christmas.avi,rifftrax - The Night Before Christmas.avi
rifftrax - The Trouble With Women.avi,rifftrax - The Trouble With Women.avi
rifftrax - Three Magic Words.avi,rifftrax - Three Magic Words.avi
Rifftrax - Toward Emotional Maturity.wmv,Rifftrax - Toward Emotional Maturity.wmv
rifftrax - why doesn't cathy eat breakfast-Petaluma Chicken .avi,rifftrax - why doesn't cathy eat breakfast-Petaluma Chicken.avi
Rifftrax - Why Vandalism.avi,Rifftrax - Why Vandalism.avi
Rifftrax Live 001 - Plan 9 From Outer Space.mp4,Rifftrax Live 001 - Plan 9 From Outer Space.mp4
Rifftrax Live 002 - Christmas Shorts-stravaganza.mp4,Rifftrax Live 002 - Christmas Shorts-stravaganza.mp4
Rifftrax Live 003 - Reefer Madness.mp4,Rifftrax Live 003 - Reefer Madness.mp4
Rifftrax Live 004 - House On Haunted Hill.mp4,Rifftrax Live 004 - House On Haunted Hill.mp4
Rifftrax Live 005 - Jack The Giant Killer.mp4,Rifftrax Live 005 - Jack The Giant Killer.mp4
Rifftrax Live 006 - Manos The Hands Of Fate.mp4,Rifftrax Live 006 - Manos The Hands Of Fate.mp4
Rifftrax Live 007 - Birdemic.mp4,Rifftrax Live 007 - Birdemic.mp4
Rifftrax Live 009 - Night Of The Living Dead.mp4,Rifftrax Live 009 - Night Of The Living Dead.mp4
Rifftrax Live 013 - (short only) Anaconda - Halloween Party (Live Edition).mp4,Rifftrax Live 013 - (short only) Anaconda - Halloween Party (Live Edition).mp4
Rifftrax Live 014 - Santa Claus.mp4,Rifftrax Live 014 - Santa Claus.mp4
Rifftrax Live 015 - (short only) The Room - At Your Fingertips Floats (Live Edition).mp4,Rifftrax Live 015 - (short only) The Room - At Your Fingertips Floats (Live Edition).mp4
Rifftrax Live 016 - Sharknado 2 The Second One.mp4,Rifftrax Live 016 - Sharknado 2 The Second One.mp4
Rifftrax Live 018 - Santa And The Ice Cream Bunny.mp4,Rifftrax Live 018 - Santa And The Ice Cream Bunny.mp4
Rifftrax Live 020 - MST3K Reunion Show.mp4,Rifftrax Live 020 - MST3K Reunion Show.mp4
Rifftrax Live 021 - (short only) Mothra - Soapy The Germ Fighter.mp4,Rifftrax Live 021 - (short only) Mothra - Soapy The Germ Fighter.mp4
Rifftrax Live 022 - Carnival Of Souls.mp4,Rifftrax Live 022 - Carnival Of Souls.mp4
Rifftrax Live 023 - Samurai Cop.mp4,Rifftrax Live 023 - Samurai Cop.mp4
Rifftrax Live 024 - Summer Shorts Beach Party.mp4,Rifftrax Live 024 - Summer Shorts Beach Party.mp4
Rifftrax Live 025 - (short only) Doctor Who The Five Doctors - Play Safe (Live Edition).mp4,Rifftrax Live 025 - (short only) Doctor Who The Five Doctors - Play Safe (Live Edition).mp4
Rifftrax Live 029 - Star Raiders.mp4,Rifftrax Live 029 - Star Raiders.mp4
Rifftrax Live 033 - Return Of Swamp Thing.mp4,Rifftrax Live 033 - Return Of Swamp Thing.mp4
RiffTrax Presents_ Have a Mary Jo Christmas and a Bridget New Year! (2015).mp4,RiffTrax Presents_ Have a Mary Jo Christmas and a Bridget New Year! (2015).mp4
RiffTrax Presents_ Sherlock Holmes_ Dressed to Kill (2019).mp4,RiffTrax Presents_ Sherlock Holmes_ Dressed to Kill (2019).mp4
RiffTrax Presents_ The Second Annual Bridget and Mary Jo Christmas Special! (2016).mp4,RiffTrax Presents_ The Second Annual Bridget and Mary Jo Christmas Special! (2016).mp4
RiffTrax Presents_ The Spring Collection (2018).mp4,RiffTrax Presents_ The Spring Collection (2018).mp4
RiffTrax-90sInternetSpecial.mpg,RiffTrax-90sInternetSpecial.mpg
Rifftrax-LiveChristmasShow.wmv,Rifftrax-LiveChristmasShow.wmv
RiffTrax-Villains.mpg,RiffTrax-Villains.mpg
RiffTrax_ The Fairy King of Ar (2018).mp4,RiffTrax_ The Fairy King of Ar (2018).mp4
RiffTrax_ The Revenge of Doctor X (2012).mpeg,RiffTrax_ The Revenge of Doctor X (2012).mpeg
RiffTraxLive - HalloweenParty.mp4,RiffTraxLive - HalloweenParty.mp4
RiffTraxLive - JackTheGiantKiller_iPad.mp4,RiffTraxLive - JackTheGiantKiller_iPad.mp4
RiffTraxLive-Amityville4TheEvilEscapes.mp4,RiffTraxLive-Amityville4TheEvilEscapes.mp4
RiffTraxLive-GiantSpiderInvasion.mp4,RiffTraxLive-GiantSpiderInvasion.mp4
RiffTraxLive-Hobgoblins.mp4,RiffTraxLive-Hobgoblins.mp4
RiffTraxLive-MiamiConnection.mp4,RiffTraxLive-MiamiConnection.mp4
RiffTraxLive-Octaman.mp4,RiffTraxLive-Octaman.mp4
RiffTraxLive-Plan9FromOuterSpace.mp4,RiffTraxLive-Plan9FromOuterSpace.mp4
RiffTraxLive-Rad.mp4,RiffTraxLive-Rad.mp4
RiffTraxLive-ReturnOfSwampThing.mp4,RiffTraxLive-ReturnOfSwampThing.mp4
RiffTraxLive-SantaClaus.mp4,RiffTraxLive-SantaClaus.mp4
RiffTraxLive-SantaConquersTheMartians.mp4,RiffTraxLive-SantaConquersTheMartians.mp4
RiffTraxLive-SpaceMutiny.mp4,RiffTraxLive-SpaceMutiny.mp4
RiffTraxLive-Timechasers.mp4,RiffTraxLive-Timechasers.mp4
Robot Monster (1953).mp4,Robot Monster (1953).mp4
Rollergator (1996).mp4,Rollergator (1996).mp4
Rotor (2022).mp4,Rotor (2022).mp4
Rudolph the Red-Nosed Reindeer (1964).mpg,Rudolph the Red-Nosed Reindeer (1964).mpg
Safe Living at School (1948).mpeg,Safe Living at School (1948).mpeg
SafetyWoman-InDangerOutOfDoors.mpeg,SafetyWoman-InDangerOutOfDoors.mpeg
Sailing a Toy Boat (1952).wmv,Sailing a Toy Boat (1952).wmv
Santa And The Ice Cream Bunny - Rifftrax.mpg,Santa And The Ice Cream Bunny - Rifftrax.mpg
Santa Claus' Punch and Judy (1959).mpg,Santa Claus' Punch and Judy (1959).mpg
Senior Power (1975).mp4,Senior Power (1975).mp4
Setting Up a Room (1967).wmv,Setting Up a Room (1967).wmv
Sharknado (2013).mp4,Sharknado (2013).mp4
She Demons (1958).mp4,She Demons (1958).mp4
Sherlock Holmes_ The Woman in Green (in Color) (1945).mp4,Sherlock Holmes_ The Woman in Green (in Color) (1945).mp4
SherlockHolmes-TerrorByNight.mp4,SherlockHolmes-TerrorByNight.mp4
Shorts vol 1 - Rifftrax.avi,Shorts vol 1 - Rifftrax.avi
Sisters of Death (1976).mp4,Sisters of Death (1976).mp4
Snowbeast (1977).mp4,Snowbeast (1977).mp4
Social Acceptability (1957).mp4,Social Acceptability (1957).mp4
Squeak the Squirrel (1957).mp4,Squeak the Squirrel (1957).mp4
Star Trek - Rifftrax.avi,Star Trek - Rifftrax.avi
Star Trek 6 - Rifftrax.avi,Star Trek 6 - Rifftrax.avi
Star Trek II - The Wrath of Khan - Rifftrax.mp4,Star Trek II - The Wrath of Khan - Rifftrax.mp4
Star Trek V - Rifftrax.avi,Star Trek V - Rifftrax.avi
Star Trek VII Generations - Rifftrax.avi,Star Trek VII Generations - Rifftrax.avi
Star Trek Voyager - Caretaker - Rifftrax.avi,Star Trek Voyager - Caretaker - Rifftrax.avi
Stargames 1998 WEB x264-RiffTrax.MP4,Stargames 1998 WEB x264-RiffTrax.MP4
Starting School (1973).mp4,Starting School (1973).mp4
Story-Telling-CanYouTellItInOrder.mpeg,Story-Telling-CanYouTellItInOrder.mpeg
Street.Fighter.1994.1080p.Rifftrax.6ch.x265.HEVC.mkv,Street.Fighter.1994.1080p.Rifftrax.6ch.x265.HEVC.mkv
StudySkills-VerbalCommunication.mp4,StudySkills-VerbalCommunication.mp4
Super Mario Bros (1993).mp4,Super Mario Bros (1993).mp4
Talkin' RiffTrax_ THE ALIEN DEAD.m4v,Talkin' RiffTrax_ THE ALIEN DEAD.m4v
Teenage Mutant Ninja Turtles (1990).mpg,Teenage Mutant Ninja Turtles (1990).mpg
The Bermuda Triangle (1978).mpeg,The Bermuda Triangle (1978).mpeg
The Boy Who Didn't Listen (1974).mp4,The Boy Who Didn't Listen (1974).mp4
The Bride and the Beast (1958).mp4,The Bride and the Beast (1958).mp4
The Dark Tower (2017).mp4,The Dark Tower (2017).mp4
The Frustrating Fours and Fascinating Fives (1953).mp4,The Frustrating Fours and Fascinating Fives (1953).mp4
The Guy from Harlem (1977).mp4,The Guy from Harlem (1977).mp4
The Hare and the Tortoise (1979).mpeg,The Hare and the Tortoise (1979).mpeg
The Last Slumber Party (1988).mp4,The Last Slumber Party (1988).mp4
The Litter Monster (1970).mp4,The Litter Monster (1970).mp4
The Mysterious Message (1982).wmv,The Mysterious Message (1982).wmv
The Myths of Shoplifting (1980).mp4,The Myths of Shoplifting (1980).mp4
The Neutron Bomb (2022).mpeg,The Neutron Bomb (2022).mpeg
The Night Before Christmas (2022).mpeg,The Night Before Christmas (2022).mpeg
The Night Before Christmas (2022).mpg,The Night Before Christmas (2022).mpg
The Night Eats the World (2018).mp4,The Night Eats the World (2018).mp4
The Red Hen (1964).wmv,The Red Hen (1964).wmv
The Snob (2019).mp4,The Snob (2019).mp4
The Sorcerer's Apprentice (2010).mp4,The Sorcerer's Apprentice (2010).mp4
The Tiny Astronaut (1966).mp4,The Tiny Astronaut (1966).mp4
The Toymaker (2023).mpg,The Toymaker (2023).mpg
The Wonderful Land of Oz (1969).mp4,The Wonderful Land of Oz (1969).mp4
The.Room.2003.720p.Riffv2.Riffv1.6ch.2ch.5subs.mkv,The.Room.2003.720p.Riffv2.Riffv1.6ch.2ch.5subs.mkv
TheDevilsHand_high.mp4,TheDevilsHand_high.mp4
This is Hormel (1965).mp4,This is Hormel (1965).mp4
Tooth Truth with Harv and Marv (1990).wmv,Tooth Truth with Harv and Marv (1990).wmv
Total Riff Off Ep 5 Aimals Behaving Badly.mp4,Total Riff Off Ep 5 Aimals Behaving Badly.mp4
Tourist Trap (1979).mpeg,Tourist Trap (1979).mpeg
TripToTheMoon_Tablet.mp4,TripToTheMoon_Tablet.mp4
Unto the Least of These (2008).wmv,Unto the Least of These (2008).wmv
Vacation Days (1947).mp4,Vacation Days (1947).mp4
Values-UnderstandingOurselves.wmv,Values-UnderstandingOurselves.wmv
Vision in the Forest (1957).mpeg,Vision in the Forest (1957).mpeg
Vision in the Forest (1957).wmv,Vision in the Forest (1957).wmv
Walking to School (2016).wmv,Walking to School (2016).wmv
Warriors of the Wasteland (1983).mp4,Warriors of the Wasteland (1983).mp4
"Warty, the Toad (1973).mp4","Warty, the Toad (1973).mp4"
We Discover the Dictionary (1963).wmv,We Discover the Dictionary (1963).wmv
"Welcome Back, Norman (1979).mpg","Welcome Back, Norman (1979).mpg"
What Are Letters for_ (1973).wmv,What Are Letters for_ (1973).wmv
What Is Nothing_ (1973).avi,What Is Nothing_ (1973).avi
What Makes Things Float_ (1951).wmv,What Makes Things Float_ (1951).wmv
When Should Grown-Ups Stop Fights_ (1955).mpeg,When Should Grown-Ups Stop Fights_ (1955).mpeg
WhenAStrangerCallsBack_iPad.mp4,WhenAStrangerCallsBack_iPad.mp4
William_ From Georgia to Harlem (1971).mp4,William_ From Georgia to Harlem (1971).mp4
With an All-Star Cast (1956).mp4,With an All-Star Cast (1956).mp4
Yor_ The Hunter from the Future (1983).mp4,Yor_ The Hunter from the Future (1983).mp4
You Can Do Something About Acne (1970).mpg,You Can Do Something About Acne (1970).mpg
You're the Judge (1965).mpeg,You're the Judge (1965).mpeg
Zindy the Swamp Boy (1973).mp4,Zindy the Swamp Boy (1973).mp4
Zombie Nightmare (1987).mp4,Zombie Nightmare (1987).mp4
